PropertyID,PropertyName,Latitude,Longitude,Region
18095,R Suite Chancery Residences,3.1599134402574,101.74986947466,MY
18093,D'Ivo Residence,3.0866098719318,101.67333295294,MY
18091,Miranda Hill,3.1807318279625,101.6548626998,MY
18067,PSV 1 Residences @ Platinum South Valley,3.077362328166,101.71685748451,MY
18063,Jewel by Oxley KLCC,3.1594787044476,101.7153780272,MY
18059,"Curvo Residences @ Setapak, KL",3.1901160567036,101.7180699613,MY
18021,ViiA Residences @ KL Eco City by Setia,3.1176371372159,101.67326929253,MY
18020,99 Legend @ KL North,3.22929,101.67034,MY
18019,Sunway Alishan Residences,3.0932834,101.7393312,MY
18014,TRX Residence,3.1437445098474,101.7192132985,MY
17997,Setapak indah Jaya,3.1890655067375,101.70209268911,MY
17982,Altris Residence,3.1912899652435,101.73713437362,MY
17980,Alila Bangsar,3.1277811072788,101.68018313609,MY
17962,Astrum Ampang,3.2881990902415,101.73541961072,MY
17955,PPR Kampung Limau,3.108855395841,101.67504704475,MY
17953,Alaia Titiwangsa,3.1803316090623,101.70085286923,MY
17943,"Lily Apartment, Kuchai",3.0905315132477,101.69117138992,MY
17907,SWNK Houze @ Bukit Bintang City Centre,3.141656,101.707755,MY
17901,River Park Bangsar South,3.1115213760972,101.67489204218,MY
17893,M Nova,3.233255,101.661675,MY
17882,Armani Residence Bukit Lanjan,3.1746949907642,101.61956625379,MY
17878,Platinum Casa Danau Residences,3.2017069,101.7219936,MY
17877,Skyline KL,3.1342302931416,101.71218181253,MY
17871,Laurel Residence @ Bangsar South,3.108790941268,101.66633769664,MY
17867,"Sofiya Residensi, Desa ParkCity",3.1836760075494,101.62476210002,MY
17809,The Legacy OUG,3.0801213883704,101.67153144848,MY
17805,"Pavilion Ceylon Hill, Bukit Ceylon",3.1497080864374,101.70518735719,MY
17804,Residensi Solarsi Parq,3.17397276154,101.66938971284,MY
17803,JRK Convena @ Bukit Jalil,3.0595019269464,101.66253601178,MY
17739,The Harmony @ Old Klang Road,3.0954055026152,101.6753679406,MY
17628,Park Place @ Parckcity Towncenter,3.1882910293795,101.63436464014,MY
17622,Tuan 2egacy,3.1913130622091,101.6683681649,MY
17597,M Astra @ Setapak,3.19887,101.72516,MY
17571,Suria Pantai Residency,3.0927361618349,101.66644252492,MY
17554,SIME DARBY KLGCC: APARTMENT AT BUKIT KIARA (PARCEL J),3.14168,101.64166,MY
17553,THE QUARTZ WM: PHASE 4,3.193418,101.740213,MY
17544,SKY AWANI 5,3.1959023635615,101.69375317952,MY
17541,IMPERO LAND: APARTMENTS AT PANTAI DALAM,3.111411,101.662338,MY
17536,UTTARA LAND: APARTMENT AT JALAN PINTASAN SEGAMBUT (PHASE 2),3.196866,101.660443,MY
17524,SOLARIS 3: MIXED DEVELOPMENT (PLOT B),3.138987,101.68659,MY
17517,Residensi Kepongmas 2,3.2122228942503,101.64491175009,MY
17508,LSH Sentul,3.2046077120589,101.68928274355,MY
17500,INFRA PARK: PPAM AT KIARAMAS,3.16711,101.643564,MY
17494,NADI CERGAS: PPAM & APARTMENTS AT ALAM DAMAI CHERAS,3.10692,101.725976,MY
17492,DANAU LUMAYAN: RESIDENSI WILAYAH AT JALAN SRI PERMAISURI 1 (PHASE 1),3.102266,101.718089,MY
17491,PARAGON CITY KUALA LUMPUR,3.173363,101.719014,MY
17481,ARMANI HARTAJAYA: APARTMENTS & OFFICES AT FORMER CHULAN SQUARE (LOT 297),3.149257,101.715697,MY
17471,KUNCI MUHIBAH: MIXED DEVELOPMENT AT LOT PT 15358,3.0873767744224,101.6740936331,MY
17469,ACCOLADE LAND: MIXED DEVELOPMENT AT BATU 6 (OFF JALAN CHERAS) PHASE 2A - 2F,3.1067706034745,101.73094331262,MY
17468,DANAU LUMAYAN: APARTMENTS AT JALAN SRI PERMAISURI 1 (PHASE 2),3.102106,101.717871,MY
17467,Yakin Land: Apartments at Jalan Dutamas Raya,3.1803237048472,101.6566432373,MY
17465,RUMAWIP: MIXED DEVELOPMENT @ SETAPAK,3.203935,101.72558,MY
17456,KEKAL KIRANA: APARTMENTS AT JALAN CHANGKAT DUTA KIARA,3.1701168283042,101.65754069951,MY
17455,"OSK SENTUL LAND SUITE APARTMENT: PHASE 1,2,3 & 4",3.202414,101.689432,MY
17454,PLAZA RAKYAT IN JALAN PUDU: PHASE 1 & 2,3.1442287504447,101.70204059075,MY
17451,Solasta Dutamas,3.185009053821,101.66350436776,MY
17449,BON KIARA,3.1737310797586,101.64982486925,MY
17444,Damansara Avenue: Parcel 1b,3.1922490539272,101.60495465516,MY
17441,Residential Parcel 3,3.1023559108614,101.66612083896,MY
17427,The Atrium,3.1593878,101.7275348,MY
16389,Bangsar Hill Park,3.1286111,101.67555555556,MY
16375,Allevia Mont'Kiara,3.17364,101.65342,MY
16370,EdgeWood Residences @ SkySanctuary,3.192165,101.720212,MY
16205,PARKROYAL Serviced Suites,3.1487544,101.7089624,MY
17330,Pullman Residences,3.150524,101.714459,MY
16065,The Fiddlewoodz @ KL Metropolis,3.1818471131026,101.6664061983,MY
16064,Cheras Heights Condominium @ Taman Bukit Cheras,3.068646,101.747588,MY
17199,1 Damai Residence,3.1630242,101.7238146,MY
15980,KLGCC Resort : Jendela Residences,3.142498,101.633977,MY
17979,Kuchai Residence,3.0920691,101.6846266,MY
16394,12 Kapas,3.1373257,101.6633076,MY
15632,28 Residence @ Beverly Heights,3.1908871,101.7652081,MY
16401,3 Taman U Thant 2,3.1560181927142,101.7245822973,MY
15628,39 Lingkungan U Thant,3.1518356,101.7294828,MY
16402,7 Jalan Bukit Ceylon,3.1493874,101.7045236,MY
15629,Aira Residence,3.1523133,101.6643381,MY
16418,Apartment Dahlia,3.1980426,101.7291296,MY
16430,Royalle Condominium,3.1832681871929,101.65306632429,MY
16444,Bandar Tasik Selatan Low Cost Flat,3.073468,101.716334,MY
16448,Bangunan Mun Nang,3.1341149,101.7103469,MY
16450,Bangunan Sri Layang,3.1287208,101.6821433,MY
16454,Bayu Andaman,3.1961928,101.6963187,MY
16460,Skyville @ Benteng 8,3.0839122,101.6612269,MY
16472,Bukit Pandan,3.1061671,101.7528589,MY
16496,Chin Woo Court,3.1355998,101.7080849,MY
15563,Circo @ Pantai,3.0934871,101.6641834,MY
16498,City Campus @ Fraser Business Park,3.1294947,101.7147866,MY
16500,City Tower,3.1459204,101.7089731,MY
15551,D'Idaman,3.0695431,101.7156213,MY
15544,D'Tiara Office and Hotel Suites,3.1313086,101.6871713,MY
16512,Pangsapuri DBKL,3.2214244603173,101.72013923234,MY
16538,Desa Pakar,3.0898607,101.6992598,MY
16546,Dewana Mansion Apartment,3.0781888,101.6958154,MY
15504,Establishment Bangsar (Menara Teguh Bangsar),3.1264693,101.6801554,MY
16574,Gagah 78,3.1056379,101.7253342,MY
16584,Gombak Court,3.2054424,101.7110373,MY
15471,Hemmon House,3.1465251,101.7161802,MY
15458,"Impiana Sky Residensi, Bukit Jalil",3.0456987,101.6638399,MY
16631,Inai 36,3.1456816,101.7187359,MY
16640,Jalan Bedara Apartment,3.1476184,101.7102568,MY
16642,Flat Jalan Alor,3.1459204,101.7089731,MY
16646,Flat Jalan Cempedak,3.1784623,101.6893018,MY
16648,Jalan Khoo Teik Ee Flat,3.1431328,101.7142351,MY
16668,Kapas Heights,3.1379414,101.6642108,MY
16672,Kelompok Bunga Raya,3.1838594,101.7514635,MY
16673,Kelompok Embun Emas,3.1838594,101.7514635,MY
16675,Kelompok Serindit,3.1881652,101.7583027,MY
16678,Kelumpuk Bambu,3.179564,101.7467901,MY
16680,Kelumpuk Cemperling,3.1832011,101.7558468,MY
16682,Kelumpuk Kemunting,3.179791,101.7467305,MY
16684,Kelumpuk Pinang,3.179791,101.7467305,MY
16686,Kelumpuk Sunding Malam,3.183712,101.7498893,MY
16688,Keramat Jaya,3.1679673,101.7211992,MY
15419,"Kingsbury Tower, Royal Domain",3.1803111,101.6731764,MY
15416,Kuchai Sentral,3.0889469,101.6864718,MY
16706,Lornie Flat,3.1311944,101.6915405,MY
16710,LOT 8 @ Bandar Tasik Permaisuri,3.097754047382,101.71050749256,MY
16716,Mahasa Villa,3.2101101,101.6941806,MY
15393,Mayfair Residences @ Pavilion Embassy,3.1590323,101.7142178,MY
16728,Megan Setapak,3.1946055,101.7301923,MY
16730,Menara Cenderawasih,3.1883992,101.7569006,MY
15386,Menara Jentayu Apartment,3.1894499,101.7579082,MY
16732,Menara Merak Kayangan,3.1883992,101.7569006,MY
16734,Menara Sri Cendana,3.1793388,101.7498138,MY
16736,Menara Sri Cengal,3.1793388,101.7498138,MY
16746,Morning Glory Residences,3.1350305,101.6613445,MY
15368,Oxford Residences @ Pavilion Embassy,3.1590323,101.7142178,MY
16764,PKNS 17 Kampung Kerinchi Flat,3.1121419,101.6634728,MY
16769,"Flat PKNS, Kampung Baru",3.1610606,101.7063835,MY
16776,PKNS Ulu Kelang Flats,3.1838594,101.7514635,MY
16778,PPR Kampung Baru Air Panas,3.1944723,101.7204107,MY
16780,PPR Kampung Muhibbah,3.0618329,101.6664179,MY
16782,PPR Pantai Ria,3.1109717,101.6661712,MY
16784,PPR Pudu Ulu,3.1174901,101.7328101,MY
16786,PPR Seri Semarak,3.190467,101.7234763,MY
15978,PPR Sri Aman,3.2266801,101.6616311,MY
16790,PPR Sri Pantai,3.095718,101.6704327,MY
16796,Pangsapuri Adelia,3.1980426,101.7291296,MY
16812,Pangsapuri Permai,3.0628194,101.7048753,MY
16832,Apartment Pantai Indah Fasa 1,3.0958324809767,101.66691727672,MY
16834,Pantai Indah Apartment (Fasa 2),3.094558,101.668279,MY
15328,Park Tower,3.1717120457519,101.66431722117,MY
15330,Parkview 2-11 Luxury Suites @ Cecil Chao Centre,3.154819,101.708742,MY
16851,Perumahan Awam Sri Sabah,3.1174473,101.7266034,MY
15309,Prima Tiara 1,3.183727,101.651395,MY
15299,Quarza,3.068969,101.7091235,MY
15296,"Queensbury Tower, Royal Domain",3.1803111,101.6731764,MY
15297,"Quinn Residence, Wangsa Maju",3.1973272,101.7429557,MY
15289,Residensi Akasia Permaisuri,3.1101182,101.7187861,MY
15288,Residensi Aman Jalil,3.0503011,101.6553515,MY
16887,Residensi Brickfields,3.1247958747546,101.68022368037,MY
16893,Residensi Kuchaimas,3.0919689,101.6792245,MY
15282,Residensi Metro Kepong,3.215497,101.6431653,MY
16897,Residensi Selayang Damai,3.2328446,101.7041626,MY
15278,Residensi Wangsa Meranti,3.1997673,101.7020751,MY
16924,Selangor Mansion,3.1528222,101.6973095,MY
16927,Selayang Flat,3.1599073,101.6950319,MY
15254,Sentul Murni,3.1953035,101.6921782,MY
16940,Apartment Seri Ceria 1,3.0456987,101.6638399,MY
16977,Pangsapuri Setapak Jaya 1B,3.1915173,101.7256139,MY
17003,Sri Lempah Flat,3.1062889,101.6829429,MY
17474,PNB Merdeka Ventures: Apartments (Northeast Tower),3.1390329162919,101.68685403065,MY
17011,Star Town Inn,3.1428174,101.7079197,MY
15198,Sucasa Corporate Apartments,3.1604466,101.7336938,MY
15197,Sunway Avila,3.1942554,101.7354693,MY
17019,Tai Kwong Mansion,3.130265,101.6874942,MY
17043,Taman Desa Sena Flat,3.179564,101.7467901,MY
17124,Taman Sri Murni Fasa 3,3.2381934,101.6631452,MY
15127,The Chorus @ Boulevard Business Park,3.1953084,101.6690528,MY
15125,The Landmark @ KL City,3.1438862,101.7127583,MY
15117,The Rosewoodz @ Bukit Jalil,3.0634924,101.6674689,MY
17146,Tong Soon Mansion,3.13381,101.6903686,MY
17148,Tong Yik Mansion,3.1430815,101.7047231,MY
17165,United Garden (Taman Lee Yan Lian),3.1088738,101.6780994,MY
17170,Villa Bahagia,3.0800649,101.6967839,MY
17174,Villa Lantana,3.1966424,101.7688196,MY
17184,Vogue Suites Two,3.1160163161589,101.67412473575,MY
17192,YWCA KL,3.1436870409923,101.70197366138,MY
15072,Residensi 38 Bangsar,3.1278800470556,101.67697511402,MY
15071,Mercu Jalil,3.047520786899,101.66112719068,MY
15064,J.Satine,3.2016979,101.7197581,MY
17645,Jalan U-Thant Site,3.1568006,101.7228189,MY
14682,Menara Bintang Goldhill,3.1732232,101.6961045,MY
14597,Sunway Velocity - Service Apartment,3.1307017,101.7229561,MY
14542,Sri Lempah,3.1064308482109,101.6827926963,MY
14475,Mercu Hotel and Residence,3.1583287,101.7049814,MY
14473,"NK Residences, North Kiara",3.1875179,101.6490184,MY
14462,Serene Mont Kiara,3.1627906,101.6520387,MY
14451,Sunway Avila Residences,3.1942554,101.7354693,MY
14435,Avelia,3.162227,101.747417,MY
14409,D'Nuri Residences @ Desa Petaling,3.0851099391554,101.69946029601,MY
14405,Nikka City Sentral,3.100933,101.706524,MY
14404,Arunya @ KL North,3.2056274,101.6587435,MY
14392,Residensi Akasia Jubilee,3.130084,101.708642,MY
14376,Nexus Taman Pertama,3.1105,101.7389,MY
14368,Trion 2 @ KL,3.125158,101.712628,MY
14360,SkyVogue Residences @ Taman Desa,3.098374,101.688471,MY
14353,Quinn,3.1986,101.73867,MY
14346,Anggun Lumayan,3.098271,101.717101,MY
14344,3 Towers,3.160635,101.741688,MY
14336,d'Brightton,3.188456,101.708064,MY
14333,"Sunway Belfield, KL",3.137479,101.700203,MY
14331,Infiniti3 Residences @ Wangsa Maju,3.194285,101.737821,MY
14293,Ang Seng Mansion @ Brickfields,3.12633,101.680309,MY
14286,Est8@Seputeh,3.1162180960684,101.68004055222,MY
14285,SkyAwani V Residence @ Sentul,3.196115,101.693724,MY
14282,One Cochrane Residences,3.133958,101.720321,MY
14280,PIXEL City Sentral,3.10209,101.706674,MY
14277,"The Maple Residences, Taman OUG",3.068182,101.673462,MY
14274,Lake City @ KL North,3.2137849235345,101.66958564735,MY
14272,Pavilion,3.022556,101.624884,MY
14253,BLISS @ Old Klang Road,3.083509,101.664098,MY
14205,Lanai Residences,3.051268,101.687545,MY
14196,Vista Sentul Residences,3.19015,101.688573,MY
14193,Eaton Residences,3.151531,101.719919,MY
14190,Residensi Harmoni 1,3.177384,101.645592,MY
14178,Pavilion Damansara Heights,3.146026,101.663351,MY
14175,UNA Serviced Apartment @ Jalan Peel,3.127156,101.725988,MY
14167,Vista Danau Kota Residensi Wilayah,3.1957427,101.7228895,MY
14166,Dimmersione @ Mont Kiara,3.169673,101.668349,MY
14162,PV9 Residences @ Taman Melati,3.217714,101.724583,MY
14147,Park Regent by the water,3.18488,101.63094,MY
14144,M Adora @ Wangsa Melawati,3.204424,101.745948,MY
14121,Sky Awani 2 Residence,3.210316,101.682111,MY
14109,The Goodwood Residence,3.108585,101.664622,MY
14103,Sunway Velocity TWO,3.129433,101.724301,MY
14080,The Tropika Bukit Jalil,3.059001,101.680453,MY
14064,Pandan Terrace Apartment (Pandan Perdana),3.122075,101.741649,MY
14051,Astana Square,3.2230442,101.6350334,MY
14031,Kenwingston Platz,3.200333,101.703745,MY
13976,"SkyAwani 4 Residence, Setapak",3.194318,101.72088,MY
13887,M Luna,3.229027,101.651393,MY
13861,Ixora Residence,3.108997,101.717167,MY
13850,Residensi Ava @ Kiara Bay,3.224363,101.65312,MY
13841,Core Residence @ TRX,3.141424,101.716389,MY
13801,Mandarina Court,3.07618,101.739488,MY
13799,Menara Damansara,3.194897,101.613137,MY
13791,Kampung Seri Delima,3.200694,101.667706,MY
13733,The Richmond Mont Kiara,3.1730777466783,101.65058668221,MY
13636,Brem Park 2,3.085995,101.687268,MY
13580,Kiara East - DEX Suites,3.212851,101.67472,MY
13562,Casa Kiara III,3.169343,101.646616,MY
13517,Mutiara Fadason,3.212695,101.653939,MY
13513,D 39 Rapport Residences,3.163326,101.739964,MY
13504,Damansara Fifty6,3.151038,101.670747,MY
13502,Chempenai Park,3.159323,101.661732,MY
13487,The Birch,3.176379,101.684062,MY
13441,pelangi condominium,3.203856,101.692017,MY
13427,Quill Residences,3.159674,101.699765,MY
13418,V Residence 3 @ Sunway Velocity,3.128325,101.723702,MY
13408,Conlay by E&O,3.15035,101.72041,MY
13403,M Arisa,3.207458,101.689893,MY
13386,Continew Condominium,3.133755,101.717544,MY
13378,Condominium 8,3.158131,101.72908,MY
13358,Setia Sky Seputeh,3.119839,101.680815,MY
13330,Residensi Laman Sari,3.23003,101.667391,MY
13317,Henna Residences,3.19121,101.737165,MY
13285,Fern Lodge @ Taman Tan Yew Lai,3.074875,101.664932,MY
13266,Pangsa Murni Titiwangsa,3.16859,101.723732,MY
13261,KaMi Mont Kiara,3.173756,101.662263,MY
13255,Scarletz Suites @ KL City Centre,3.163402,101.71358,MY
13201,Q SOVO,3.10426,101.714763,MY
13189,Desa Pandan Apartment,3.147607,101.740003,MY
13186,Aster Green Residence,3.077914,101.691365,MY
13181,Damai Residence @ Sungai Besi,3.1163531877682,101.70846492297,MY
13173,M-Suites @ Embassy Row,3.160357,101.735923,MY
13169,Lidcol Garden,3.161915,101.713901,MY
13153,"The Hamstead, Desa Tun Razak",3.080201,101.71664,MY
13143,Pangsapuri Teratak Muhibbah,3.097468,101.682937,MY
13072,Pinnacle,3.067488,101.694121,MY
13059,The Address @ Taman Desa,3.107713,101.690655,MY
12905,OG Court Pangsapuri Bukit Awansari,3.075396,101.665516,MY
12865,Agile Embassy Garden,3.159984,101.72206,MY
12729,Maxim Citylights,3.207479,101.69052,MY
12722,Kampung Datuk Keramat,3.166158,101.726246,MY
12602,Taman Cheras Mewah,3.06543,101.754595,MY
12525,Taman Sri Delima (Taman Seri Delima),3.204171,101.666996,MY
12485,Taman Sri Ehsan Apartment,3.211302,101.628267,MY
12480,Sri Jinjang Apartment (Pangsapuri Sri Jinjang),3.202555,101.659765,MY
12454,The Regent Residences,3.159428,101.714322,MY
12322,Residensi WangsaMas,3.197747,101.738304,MY
12314,Taman Mulia,3.091061,101.7146,MY
12249,PNB Darby Park,3.158108,101.718606,MY
12226,M Oscar,3.079363,101.692145,MY
12210,The Lumayan Apartment,3.09828,101.717101,MY
12196,Sun Kiara,3.168392,101.646431,MY
12191,Bukit Prima Pelangi,3.178171,101.647178,MY
12134,Taman Naga Mas,3.079082,101.697973,MY
12106,Taman Damai Jaya,3.062115,101.766125,MY
12055,Duta Park Residences,3.169965,101.686126,MY
12001,99 Residence KL North,3.22929,101.67034,MY
11901,The Hipster @ Taman Desa,3.097897,101.689895,MY
11838,Ascott Kuala Lumpur,3.154828,101.710702,MY
11834,Angkasa Impian 1,3.145782,101.706251,MY
11829,Residensi Alam Damai,3.05802,101.74265,MY
11814,Residensi Jalan Jubilee,3.12978,101.70842,MY
11800,Sky Suites @ KLCC,3.156337,101.709361,MY
11789,PPR Gombak Setia,3.216836,101.720092,MY
11788,City Gardens Condominium,3.147239,101.705648,MY
11787,Segaris,3.141924,101.626431,MY
11745,PPR Raya Permai,3.061228,101.706173,MY
11737,Impression U-Thant,3.154489,101.731711,MY
11736,Three33 Residence,3.2077501665382,101.64862490675,MY
11735,D9 Luxury Condominium,3.1386691015477,101.66488129448,MY
11695,Desa Valley,3.098787,101.692339,MY
11690,Nidoz Residences @ Desa Petaling,3.085145,101.700128,MY
11688,Residensi Gembira 737,3.082031,101.686572,MY
11683,Angkasa Residence TTDI,3.155994,101.622607,MY
11665,Pavilion Embassy Kuala Lumpur,3.160488,101.72327,MY
11663,PPR Desa Rejang,3.186966,101.731833,MY
11658,Picasso Residence,3.163398,101.734536,MY
11655,Rencana Royale @ TTDI,3.16154,101.626955,MY
11653,Paraiso Residence @ The Earth,3.047521,101.671787,MY
11646,Ascott Sentral Kuala Lumpur,3.131044,101.68504,MY
11637,PPR Taman Wahyu,3.221074,101.66914,MY
11636,Platinum Lake PV 21,3.199466,101.719703,MY
11635,V Residence Suites @ Sunway Velocity,3.128506,101.721714,MY
11634,Capri by Fraser,3.110009,101.664063,MY
11613,Neu Suites,3.16269,101.737326,MY
11610,Residensi RAH,3.160954,101.704793,MY
11600,Bandar Baru Sentul Flat,3.186747,101.697028,MY
11592,Jalan San Peng,3.132729,101.711677,MY
11584,ViiA Residence @ KL Eco City,3.117659,101.673279,MY
11574,Taman Angsana Hilir,3.148007,101.742827,MY
11558,Tuan Residency,3.195315,101.670325,MY
11503,Berlian Setapak Residence @ Jalan Semarak Api,3.197257,101.707494,MY
11504,Residensi Inspiria@Pasar Besar Gombak,3.209761,101.704117,MY
11228,Sri Kota,3.130391,101.684237,MY
11216,Seksyen 10 Wangsa Maju,3.18844,101.735649,MY
11202,Legend Height,3.198083,101.65717,MY
11140,Residensi Gurneymas,3.170867,101.727972,MY
11135,Residensi Damansara 56,3.151084,101.670753,MY
11124,Residensi Razakmas,3.092685,101.721959,MY
11106,Taman Sri Endah,3.06394,101.697497,MY
11104,Jalan Berangan,3.147658,101.70906,MY
10616,Taman Orkid Desa,3.077511,101.738665,MY
10577,Rhombus,3.140151,101.666843,MY
10521,Kota Semarak Phase 1,3.1839737157278,101.72210038411,MY
10519,Taman Sejahtera,3.194523,101.666699,MY
10486,Taman Setiawangsa,3.18222,101.742997,MY
10395,Avara Seputeh,3.1131234344085,101.67934092642,MY
10376,Laman Tasik,3.105172,101.714916,MY
10977,Taman Sungai Besi,3.093773,101.699559,MY
10338,1 Razak Mansion,3.106926,101.703711,MY
10305,PPA1M Metropolitan Kepong,3.228982,101.65289,MY
10292,Desa Petaling Flat,3.084424,101.71425,MY
10289,Trinity Lemanja,3.209824,101.638896,MY
10266,8 Conlay,3.157693,101.700046,MY
10255,Taman Bukit Permai,3.108206,101.756217,MY
10241,Legasi Kampong Bharu,3.162987,101.706064,MY
10229,South Brooks,3.182659,101.62572,MY
10228,TR Residence,3.172876,101.696593,MY
10207,Inspirasi,3.171949,101.65017,MY
10176,Maju Kuala Lumpur,3.05659,101.70582,MY
10158,Taman Kuchai Jaya,3.089961,101.683246,MY
10150,Residensi Kerinchi,3.112729,101.663349,MY
10141,Jalan Loke Yew,3.133853,101.707132,MY
10118,Arte Cheras,3.099831,101.735339,MY
10115,DC Residensi @ Damansara Height,3.147115,101.660922,MY
10062,Taman Bukit Desa,3.110327,101.685615,MY
10038,The Weave @ Cheras,3.121455,101.730258,MY
10035,Nova Pantai Residence @ Pantai,3.112324,101.67448,MY
9966,Taman Daya,3.225348,101.634281,MY
9954,Aurora Suites @ Bukit Jalil,3.054216,101.669919,MY
9949,M-Suite @ Bandar Manjalara,3.194393,101.63124,MY
9945,Sanjung Residence @ Segambut,3.18136,101.646363,MY
9933,Residensi Solaris Parq,3.17397276154,101.66938971284,MY
9926,BLOOMSVALE,3.0754159,101.6585535,MY
10325,Isola KLCC,3.1625820006653,101.71436141335,MY
9887,216 Residences,3.09111,101.682757,MY
9886,ALIX Residences,3.179639,101.654163,MY
9884,Residensi Harmoni 2,3.177833,101.645417,MY
9870,MiNest Residence,3.192425,101.688557,MY
9858,Lavile Kuala Lumpur,3.126587,101.729482,MY
9857,Armani Residence,3.077321,101.730255,MY
9853,Platinum Arena,3.0819967,101.663736315,MY
9822,ParkCity Height,3.186472,101.639647,MY
9818,Adora,3.186867,101.624938,MY
9811,Cubic Botanical,3.0935896375497,101.66701754366,MY
9801,Kaleidoscope Residensi Setiawangsa,3.191907,101.757073,MY
9800,Residensi Sefina Mont Kiara,3.170569,101.649714,MY
9795,UNIO Residence,3.208848,101.651445,MY
9790,GenKL,3.091941,101.678074,MY
9778,Axon Bukit Bintang,3.145336,101.713489,MY
9775,Trion @ KL,3.124419,101.709937,MY
9772,The Nest Residence @ Genting Klang,3.19957,101.714152,MY
9771,Damai Vista @ Alam Damai,3.051241,101.744266,MY
9756,Platinum Teratai Residence,3.20125,101.709149,MY
9287,"Wangsa 9 Residency, Wangsa Maju",3.199372,101.740933,MY
9278,"The Pano, Jalan Ipoh",3.185587,101.681517,MY
9281,"The Rainz, Bukit Jalil",3.064292,101.667248,MY
9260,"Taman Kobena Apartment, Cheras",3.1165,101.731787,MY
9257,"Sri TTDI, TTDI",3.156182,101.624473,MY
9248,"Sky Home, Tambun",4.604267,101.136683,MY
9254,"Sri Ampang Hilir, Desa Pandan",3.148992,101.741237,MY
9242,"Section 2, Wangsa Maju",3.210164,101.735069,MY
9245,"Sky Awani Residensi, Sentul",3.209218,101.689512,MY
9227,"Menara Taipan, KLCC",3.1523,101.706341,MY
9221,The Ooak (Kiara 163),3.1668021117083,101.65172345767,MY
9218,"J.Dupion, Cheras",3.113566,101.726925,MY
9209,Fajar Ria @ Pantai,3.116571,101.668434,MY
9200,"Desa Bangsawan, Bandar Tun Razak",3.088468,101.719158,MY
9197,"Damai Residence, Ampang Hilir",3.161521,101.728538,MY
9179,"Bangunan Forlong, Setapak",3.195744,101.707768,MY
9176,"ARIA Luxury Residence, KLCC",3.153958,101.722216,MY
9164,"Zen Suites @ ZetaPark, Setapak",3.205117,101.720091,MY
9170,"9 Seputeh, Old Klang Road",3.106506,101.676789,MY
9143,"Villa Kelab Ukay, Bukit Antarabangsa",3.19655,101.7721,MY
9146,"Villa Mutiara, Bangsar",3.136824,101.66198,MY
9128,"UBN Apartment, KLCC",3.15309,101.706572,MY
9113,"The Seedz, Bukit Jalil",3.153223,101.710347,MY
9110,"The Ruma Residences, KLCC",3.15252,101.714542,MY
9095,,,,
9092,"The Gardens, Mid Valley City",3.11959,101.675793,MY
9083,"The Colony, KLCC",3.161023,101.70075,MY
9059,"Taman Midah Apartment, Taman Midah",3.101319,101.728336,MY
9053,"Taman LTAT, Bukit Jalil",3.049292,101.66442,MY
8996,,,,
8993,,,,
8978,"Sky Residence @ Shamelin, Cheras",3.125989,101.737733,MY
8990,"Sri Labuan Apartment, Bandar Tun Razak",3.091657,101.721222,MY
8933,"Royce Residence, KLCC",3.162651,101.713774,MY
8921,"Regal Regina Court, Ampang",3.13988,101.768686,MY
8909,,,,
8897,,,,
8903,,,,
8894,,,,
8882,,,,
8864,,,,
8846,,,,
8831,,,,
8834,"Nova Square, Bukit Bintang",3.147776,101.71688,MY
8819,"Mutiara Apartment, Old Klang Road",3.0834647,101.6683181,MY
8807,"Meridian 101, Dang Wangi",3.156646,101.700443,MY
8783,"Loke Yew Apartment, Pudu",3.136768,101.704709,MY
8789,"M Sentral, Titiwangsa",3.171315,101.696709,MY
8774,"Lexa Residence @ The Quartz, Wangsa Maju",3.191393,101.736371,MY
8762,"Lanson Place, Bukit Ceylon",3.147806,101.704194,MY
8756,"Laman Duta, Dutamas",3.178846,101.658238,MY
8735,"Kondo Rakyat, Pantai",3.103052,101.663743,MY
8681,"Hock Ann Mansion, Chow Kit",3.16639,101.698959,MY
8648,"Eva Court, Ampang Hilir",3.150317,101.735183,MY
8651,"Fairview Mansion, Taman Desa",3.106272,101.685592,MY
8657,"Fortune Court, Kepong",3.148197,101.707504,MY
8642,"Enesta, Kepong",3.208684,101.656613,MY
8645,Epic Luxe Homes @ Sentral Residences,3.136589,101.689523,MY
8621,"Desa Satu, Kepong",3.21546,101.615296,MY
8588,"Crimson Court, KLCC",3.161429,101.713691,MY
8558,"Boulevard Business Park, Kuala Lumpur",3.197939,101.670087,MY
8561,"Boulevard Serviced Apartment, Jalan Ipoh",3.197939,101.670087,MY
8534,"Ampang Puri, Ampang Hilir",3.162601,101.738367,MY
8519,"1A Pinang, Old Klang Road",3.072671,101.653873,MY
8525,"8 Kia Peng, KLCC",3.151982,101.715822,MY
9750,"8th & Stellar, Sri Petaling",3.0718605,101.7014501,MY
9737,Westside III,3.183719,101.625049,MY
9735,Pavilion Suites,3.148412,101.712792,MY
9710,"Tropicana The Residences, KLCC",3.15893,101.709281,MY
9709,Trinity Pentamont,3.170334,101.649011,MY
9702,Residensi Far East @ Kuchai Lama,3.082852,101.697297,MY
9697,Residensi Ampang Tengah 6 (‘AT 6’),3.158505,101.734725,MY
9686,Residensi Rampai II,3.192901,101.726012,MY
9681,So Sofitel KL Residences,3.15923,101.71507,MY
9680,KLGCC Resort : Senada Residences,3.13804,101.649478,MY
9679,Aster Residence Cheras,3.080849,101.745266,MY
9678,Residensi Astrea Mont'Kiara,3.169816,101.646713,MY
9677,Chambers Kuala Lumpur,3.166756,101.695592,MY
9667,KL East : The Ridge,3.22493,101.730052,MY
9665,Residensi Hijauan Lumayan,3.076611,101.698,MY
9662,EkoCheras Service Apartment,3.093076,101.738964,MY
9658,Millerz Square @ Old Klang Road,3.090803,101.673745,MY
9657,Kenwingston Avenue @ Sungai Besi,3.082601,101.700135,MY
9654,Parc 3,3.121717,101.730568,MY
9648,Waltz Residences,3.068717,101.672362,MY
9635,The Valleys @ SkySierra,3.177,101.749,MY
9632,Casa Green @ Bukit Jalil,3.064676,101.664396,MY
9617,Ariva Trillion Residences,3.163125,101.718751,MY
9602,Platinum OUG Residence,3.06435,101.660107,MY
9596,The Holmes Bandar Tun Razak,3.092339,101.717121,MY
9575,Perumahan Penjawat Awam 1 Malaysia (PPA1M) Bukit Jalil,3.054044,101.696622,MY
9560,V Residence 2 @ Sunway Velocity,3.129461,101.722812,MY
9527,Sinaran Wangsa Maju,3.2008875911226,101.73279483069,MY
9509,"The COMO @ Bukit Jalil, KL",3.059964,101.658782,MY
9494,Majestic Maxim,3.0777293366334,101.74199762698,MY
9461,Residensi Sentulmas,3.179688,101.697777,MY
9458,Platinum Splendor Residensi Semarak,3.18176,101.725103,MY
9452,Residensi Bintang Bukit Jalil,3.046604,101.660854,MY
9443,The Park Sky Residence @ Bukit Jalil City,3.052143,101.670338,MY
9437,The Hermington @ Kuchai Lama,3.093246,101.679912,MY
9431,The Park 2 @ Pavilion Bukit Jalil,3.052143,101.670338,MY
9422,Rumbia Residence @ ARI PERMAISURI,3.109503,101.716748,MY
9416,Damansara Seresta,3.182019846006,101.61352279878,MY
9404,PV18 Residence,3.203144,101.713086,MY
9395,Emerald Hills,3.059614,101.73569,MY
9392,Kuchai East,3.085649,101.692352,MY
9383,Ativo Suites @ Damansara Avenue,3.193527,101.617056,MY
9380,Latitud8,3.156058,101.702058,MY
9371,Le Nouvel KLCC,3.159422,101.712369,MY
9365,"Duta Park Residence, Service Apartments",3.16998,101.686078,MY
9362,SkyMeridien Residences @ Sentul East,3.188767,101.695978,MY
9347,The Annex @ Medan Connaught,3.076253,101.744511,MY
9344,Vista OUG @ Residensi Platinum OUG,3.064224,101.66017,MY
9341,"SkyAwani 3 Residence, Setapak",3.192616,101.722617,MY
9332,Lucentia Residence @ Bukit Bintang City Centre KL,3.141432,101.708007,MY
9329,Eco Sky,3.218781,101.671154,MY
9326,M Vertica,3.119475,101.726687,MY
9311,Agile Bukit Bintang,3.147028,101.719472,MY
9308,"TRIA Seputeh in 9 Seputeh, Kuala Lumpur",3.108319,101.676874,MY
9299,Vista Langkawi @ Residensi PV 18,3.202986,101.712953,MY
8510,No. 3 U-Thant Apartment,3.155935,101.724251,MY
8501,Clarita Tower @ Eco Sky,3.218748,101.671157,MY
8498,Basalta Tower @ Eco Sky,3.218748,101.671157,MY
8495,Aurora Tower @ Eco Sky,3.218758,101.671134,MY
8477,"The Herz, Kepong",3.211901,101.644742,MY
8474,3rdNvenue @ Jalan Ampang,3.16236,101.73638,MY
8459,M101 SkyWheel,3.167824,101.711145,MY
8438,Arcoris Suites,3.167464,101.65114,MY
8435,Riana South,3.076395,101.734607,MY
8432,Arcoris SOHO,3.167464,101.65114,MY
8423,Sunrise Park Apartment,3.143081,101.766216,MY
8417,The Establishment,3.1276777228737,101.68001580489,MY
8414,Test MH Project,2.1590374453094,103.40260301602,MY
8396,THE FENNEL AT SENTUL EAST,3.1829200250284,101.69394221594,MY
8399,South Link Lifestyle Apartments,3.11308,101.665231,MY
8384,"Fera Residence @ The Quartz, Wangsa Maju",3.1917,101.737505,MY
8381,M Centura,3.204862,101.690125,MY
8393,The ERA @ Duta North,3.182809,101.675599,MY
8369,One Residences,3.126465,101.7118,MY
8357,Imperial Lexis,3.152625,101.716271,MY
8339,V E Hotel & Residence,3.110503,101.665368,MY
8336,One Stonor,3.152548,101.719102,MY
8333,Infiniti Residences @ Wangsa Maju,3.194118,101.738242,MY
8306,Agile Mont Kiara,3.172348,101.66217,MY
8288,Flexus Signature Suites @ Jalan Kuching,3.186876,101.669509,MY
8297,Sunway Mont Residences,3.169384,101.647032,MY
8291,Residensi Desa Satumas,3.098222,101.69275,MY
8270,18 Madge,3.1582861,101.7293179,MY
8279,Suria @ North Kiara,3.184847,101.646251,MY
8267,KL Eco City Vogue Suites 1,3.11667,101.673829,MY
8264,Dorsett Residences Sri Hartamas,3.1625399532197,101.655480328,MY
8252,Mercu Summer Suites @ Kuala Lumpur,3.158651,101.704545,MY
8243,Blue Boy Mansion,3.145175,101.705855,MY
8234,"Rica Residence Sentul, KL",3.1779363246744,101.68760876879,MY
8231,The Holmes 2 @ Bandar Tun Razak,3.0883755,101.7204712,MY
8222,"The Ritz-Carlton Residences, Kuala Lumpur",3.1563577618429,101.70563189339,MY
8171,10 Stonor,3.1530934,101.7208172,MY
8168,Midfields 2,3.0967458634051,101.70191538361,MY
8147,Residensi Tasikmas @ Desa Tun Razak,3.0808016370546,101.71672262415,MY
8132,Residensi Pandanmas 2,3.1410624779571,101.7379549037,MY
8144,Residensi Jalilmas @ Bukit Jalil,3.05836614235,101.66545483918,MY
8129,Residensi Pandanmas 1,3.1419623458533,101.73797636138,MY
8135,Residensi Seri Wahyu @ Jalan Kuching KL,3.2100296,101.6686941,MY
8138,Residensi Desamas @ Taman Desa,3.0979412316444,101.68826996826,MY
8141,Residensi Puchongmas,3.0659114,101.6516511,MY
8111,Rafflesia Sentul Condominium,3.1832117385899,101.69748571957,MY
8108,Seri Cempaka Service Suites @ Cheras,3.1227502937461,101.72963586561,MY
8105,The Manor KL,3.1524611182353,101.71966855925,MY
8099,The Luxe By Infinitum,3.1609879502736,101.70079355344,MY
8090,KL Gateway Premium Residences,3.1136457180422,101.66375133572,MY
8093,KL Gateway Residences,3.1133457540625,101.66277501164,MY
8075,One Central Park @ Desa ParkCity,3.1864647920077,101.62565437302,MY
8060,The Estate @ South Bangsar,3.1112074252073,101.66161168253,MY
8054,Fortune Centra Residences,3.215561840743,101.64362818941,MY
8051,Shamelin Star,3.125594,101.735902,MY
8045,Harvard Residence,3.15236140518,101.70642906533,MY
8057,MET 1 Residences @ KL Metropolis,3.1756455801369,101.66958056718,MY
8039,VIM 3 @ Desa Park North,3.193152,101.63109,MY
8030,Stonor 3 @ KLCC,3.1537664888076,101.72045372513,MY
8042,Hampton Damansara,3.177372,101.620485,MY
8021,East Parc @ Menjalara,3.1947919897648,101.63480678784,MY
8015,Razak City Residences (RC Residence),3.1085457025927,101.70527622856,MY
8018,The Hamilton Wangsa Maju,3.1969882016727,101.73855700102,MY
8003,The Starz @ KL South,3.0834502014276,101.69802914163,MY
7961,Mizumi Residences,3.2201622081864,101.64373794393,MY
7973,One Maxim @ Sentul KL,3.2048832491292,101.68996545344,MY
7958,Court 28 @ KL City,3.1761225024055,101.68300739521,MY
7895,Safuan Suites,3.15645094039,101.70109491877,MY
7880,Apartment Desa Tasik Fasa 1A,3.0701012191285,101.71427037777,MY
7871,Sentul Point Suite Apartment,3.2023006649957,101.68933497302,MY
7853,The Havre @ Bukit Jalil,3.0561789840008,101.66654641893,MY
7847,Novum Bangsar South,3.1137179,101.6662788,MY
7835,Reizz Residence,3.1613931,101.7461478,MY
7841,Sri Sabah Apartments,3.1168618832917,101.72618132115,MY
7844,MH Platinum Residences,3.1984055774971,101.70455374034,MY
7814,SkyLuxe On The Park @ Bukit Jalil,3.0535670625609,101.67625155026,MY
7796,DEX Suites 2.0 (Tower B) @ Kiara East,3.2120860685548,101.67293497542,MY
7772,D'Majestic Residenz @ Pudu,3.1367190077106,101.71162748864,MY
7781,The Riyang @ Happy Garden,3.0832865584742,101.68901260846,MY
7754,Parkhill Residence Bukit Jalil,3.0537842367987,101.69670036984,MY
7769,Citizen @ Old Klang Road,3.0830125976124,101.66161940519,MY
7763,Three28 Tun Razak,3.1637003239342,101.71703855607,MY
7739,Spring Avenue @ Kuchai Lama,3.0862365684095,101.69070020778,MY
7718,United Point Residence @ North Kiara,3.1907980804417,101.65401494396,MY
7730,Identiti U-Thant,3.1547022,101.7305006,MY
7703,Sentral Suites @ KL Sentral,3.1302328167045,101.68503140738,MY
7715,Danau Kota Suite Apartments,3.2088302517422,101.71907059843,MY
7697,KM1 East Condominium @ Bukit Jalil,3.058157,101.675974,MY
7685,The Haute Gurney KL,3.1708916405808,101.72742206456,MY
7634,Savio Riana Dutamas Residence,3.1863733088752,101.66638274455,MY
7628,The Centrina @ Central Residence,3.0828899467253,101.69861543203,MY
7619,Secoya Residences,3.101657,101.664657,MY
7550,OPUS Kuala Lumpur,3.1373789144768,101.69984056243,MY
7496,Ascenda Residences @ SkyArena Setapak,3.194209,101.715163,MY
7499,"Bennington Residences @ SkyArena, Setapak",3.1945416607143,101.71537714883,MY
7502,Residensi Gombak 126,3.2120190282552,101.70815107805,MY
7445,Citizen 2 @ Old Klang Road,3.0827549269742,101.66238458043,MY
7439,The Henge Kepong,3.2199154303092,101.64227038987,MY
7442,Residensi KepongMas,3.2203010585805,101.64151937135,MY
7424,Vortex Hotel Suites & Residences @ KLCC,3.15448,101.707414,MY
7418,Garden Tower Apartment,3.125587915738,101.75348270912,MY
7421,Taman Pertama Flat Cheras,3.113439755335,101.73027699021,MY
7415,Fortune Heights Apartment A7,3.1267059868037,101.75353732989,MY
7406,Brunsfield Residence @ U-Thant,3.155302,101.727723,MY
7397,Apartment Abdullah Hukum,3.121843,101.6764132,MY
7400,Bayu Sentul Condominium,3.196744,101.693229,MY
7367,Nobleton Crest,3.154778,101.728257,MY
7328,The Manhattan,3.1503138211452,101.70761087581,MY
7103,Arte @ Mont Kiara,3.1763148144955,101.66493140266,MY
7088,Flat Taman Melati Blok C,3.224200680421,101.7219627619,MY
7085,Flat Taman Melati Blok B,3.2254786854185,101.72522194219,MY
7082,Flat Taman Melati Blok A,3.2250415605617,101.72436602118,MY
7094,Flat Taman Melati Blok E,3.2275484673978,101.72546278413,MY
7091,Flat Taman Melati Blok D,3.2253072959658,101.72622508836,MY
7058,Desa Pandan Baiduri Apartment Block C2,3.1468005567176,101.73500208955,MY
7061,Desa Pandan Baiduri Apartment Block C1,3.1467362807632,101.73405795198,MY
7040,Hermitage @ Sri Hartamas,3.162649,101.655237,MY
7055,The Grid @ 21 Kia Peng,3.1516934,101.7182252,MY
7007,The Westside II,3.184238,101.623441,MY
7004,DEX Suites 1.0 (Tower A) @ Kiara East,3.213405,101.672942,MY
6998,Denai Sutera,3.055153,101.660002,MY
6986,Pangsapuri Seroja (Laman Rimbunan),3.2121622276385,101.65015740133,MY
6980,KL Traders Square Residences,3.203896,101.703502,MY
6965,Melawati : Serini,3.212771,101.746615,MY
6968,Trinity Aquata,3.0796446,101.7044628,MY
6959,Arte @ Kuchai Lama,3.087808,101.686961,MY
6935,Chymes @ Gurney,3.169429,101.726114,MY
6902,Ekotitiwangsa,3.184057,101.701174,MY
6878,Taman Usaha Jaya Shop Apartment,3.213837,101.618014,MY
6875,Laman Damai Kepong (Li Garden),3.2101384,101.6380003,MY
6866,Dorsett Residences Bukit Bintang,3.1480873,101.7157388,MY
6863,The Robertson,3.1444744,101.7044842,MY
6833,Sentul Village Mercury Service Apartment,3.207195,101.688884,MY
6821,TTDI Ascencia,3.1360919226675,101.63011746783,MY
6806,Inwood Residences @ Pantai Sentral Park,3.101671,101.6639292,MY
6797,VIVO Residential Suites @ 9 Seputeh,3.105785,101.676555,MY
6791,Irama Wangsa,3.190725,101.735993,MY
6722,Pearl Suria,3.0858002250918,101.67391571482,MY
6725,Residency V,3.0861024285497,101.67458374114,MY
6707,Star Residences @ KLCC,3.161229,101.712004,MY
6710,Damansara City Residency,3.1471794,101.660614,MY
6686,Seasons Garden Residences @ Wangsa Maju,3.188059,101.734101,MY
6668,OUG Parklane Phase 2,3.0667993,101.657964,MY
6671,OUG Parklane Phase 3,3.0686864103202,101.65657537302,MY
6659,The Sanctuary,3.16493,101.675275,MY
6650,Arte Plus @ Jalan Ampang,3.1606023,101.7471099,MY
6656,Verve Suites @ KL South,3.0919756,101.6741645,MY
6653,Damai 88,3.1614532320727,101.7303387533,MY
6638,Pangsapuri Mega Indah,3.1096203657484,101.76381326718,MY
6620,Taman Permata Fadason,3.213971,101.654153,MY
6626,Pangsapuri Puteri 2 (Tmn Damai Impian 2),3.048798,101.736853,MY
6584,NOVO Ampang,3.160426,101.739223,MY
6590,Riverville Residences,3.0742023,101.6542733,MY
6575,"The Mews, KLCC",3.1619733,101.7144539,MY
6554,Pavilion Hilltop @ Mont Kiara,3.170116,101.658735,MY
6551,Fortune Perdana Lakeside Residences,3.218073,101.644238,MY
6539,The Andes,3.060339,101.6507649,MY
6542,Dua Menjalara Kondominium,3.192766,101.635416,MY
6518,Faber Antara Condominium,3.169429,101.726114,MY
6512,Tribeca Bukit Bintang,3.146312,101.715714,MY
6521,The Vyne,3.0916649,101.6977572,MY
6506,Lido Residency,3.1098183,101.7276585,MY
6500,Serai Bukit Bandaraya,3.141224,101.660919,MY
6503,Vina Versatile Homes @ Cheras,3.0496469,101.7524904,MY
6482,The Link 2 Residences,3.0521217,101.6794217,MY
6461,Twin Arkz @ Bukit Jalil,3.0511789,101.6801363,MY
6467,Expressionz Professional Suites,3.1717325,101.7122734,MY
6470,Vila Vista @ Cheras,3.114227,101.730035,MY
6464,The Leafz @ Sungai Besi,3.0850842,101.6951782,MY
6473,Villa Crystal,3.183709,101.649772,MY
6431,South View Serviced Apartments,3.1138839,101.6650558,MY
6425,Anjali North Kiara,3.183923,101.652555,MY
6428,Southbank Residence,3.1010818,101.6761172,MY
6410,Cloud Tree @ Cheras,3.0430687,101.7323256,MY
6401,The Loft @ ZetaPark,3.203869,101.720962,MY
6395,Maxim Residences @ Cheras KL,3.075713,101.742344,MY
6392,Maxim Citylights @ Sentul KL,3.207533,101.690737,MY
6335,Taman Kepong Indah Flat,3.224554,101.6398913,MY
6329,The Reach @ Titiwangsa,3.1868797,101.7042965,MY
6338,Hedgeford 10 Residences @ Wangsa Maju,3.191235,101.734605,MY
6296,Taman Connaught Flat (Low Rise),3.083801,101.73036,MY
6299,Taman Connaught Flat (High Rise),3.083084,101.731772,MY
6278,100 Residency,3.199734,101.7112,MY
6287,SkyVille 8 @ Benteng 8,3.0827006,101.6649485,MY
6254,Avantas Residences @ Old Klang Road,3.100279,101.676825,MY
6245,288 Residences @ Kuchai Lama,3.0808124,101.6878438,MY
6248,Petalz Residences @ Old Klang Road,3.0841978,101.6610539,MY
6251,D'Sands Residence @ Old Klang Road,3.084594,101.663069,MY
6239,Platinum Lake Condominium PV 20,3.1989309,101.7216504,MY
6242,TWY Duplex Condos @ Mont Kiara,3.174421,101.651782,MY
6188,Medan Bukit Permai Shop Apartment,3.110463,101.756515,MY
6158,Nusa Mewah Villa Condominium,3.1050564,101.7540514,MY
6143,Desa Pandan Elena Block F Apartment,3.147511,101.738911,MY
6128,Happy Garden Apartment,3.084407,101.689377,MY
6080,Residensi Rampai,3.1988774,101.7301154,MY
6083,28 Dutamas,3.179424,101.656065,MY
6086,Saville @ Melawati,3.216793,101.73859,MY
6050,Nadi Bangsar Service Residence,3.125716,101.675328,MY
6056,Lakeville Residence,3.210296,101.668271,MY
6032,Tiara Mutiara 2,3.0746254,101.66004,MY
5984,The Treez Jalil Residence @ Bukit Jalil,3.0561607,101.6718149,MY
5993,Sri Intan 2 (Jalan Ipoh),3.1963922,101.6760743,MY
5990,Taman Naga Emas Apartment,3.0776305,101.698637,MY
5978,Suasana Lumayan,3.096518,101.717668,MY
5942,Rimbun @ Embassy Row,3.1582191911904,101.73846186508,MY
5945,G Residence @ Desa Pandan,3.149542,101.736445,MY
5915,Anyaman Residence,3.07079,101.7076438,MY
5903,Kuchai Entrepreneurs Park Shop Apartment,3.0896937,101.6913307,MY
5888,Sentrio Suites,3.1480043,101.7372876,MY
5891,Residensi 22 @ Mont Kiara,3.168337,101.649637,MY
5855,Villa Orkid Condominium @ Prima Pelangi,3.1778171,101.6453683,MY
5858,Sam Mansion Flat,3.138703,101.6974998,MY
5846,The Horizon Residences @ Jalan Tun Razak,3.144994,101.7225945,MY
5861,Sutera Maya Condominium,3.072134,101.657189,MY
5840,Arcoris Residences,3.167689,101.651982,MY
5804,Q1 Condominium,3.1061438,101.7147839,MY
5777,Indah Court (Taman Damai Indah Cheras),3.0541037,101.7462569,MY
5741,Plaza GM Apartment,3.1658995924365,101.69705450535,MY
5723,Sri Bandar Besi Flat (Jalan Sungai Besi),3.124061,101.708496,MY
5738,Villa Mutiara @ Mutiara Complex,3.189231,101.680714,MY
5669,Nova I,3.1879188,101.6482544,MY
5639,Platinum Lake PV16,3.2014236,101.7171035,MY
5618,Bukit Cheras Apartment (Block 1 & 3),3.0768591752446,101.74618721008,MY
5621,Bukit Cheras Apartment (Block 8 & 10),3.0729219,101.7496338,MY
5630,Richmond @ Mont Kiara,3.171197,101.648741,MY
5624,Platinum Hill PV 2,3.224175,101.729004,MY
5627,Plaza Sinar Apartment,3.1892578,101.6533211,MY
5606,Villa Pawana,3.171856,101.731257,MY
5603,Desa Aman Flat (Cheras),3.0973108013543,101.73947095871,MY
5600,Pangsapuri Suci,3.0784768928409,101.66543126106,MY
5597,Taman Pusat Kepong Shop Apartment,3.200119984434,101.65634393692,MY
5582,Scenaria @ North Kiara Hills,3.1828304997317,101.65095806122,MY
5573,ViPod Residences @ KLCC,3.1520536431331,101.71276688576,MY
5576,Flat Taman Bukit Angkasa,3.1087202588888,101.6700553894,MY
5570,Soho Suites @ KLCC,3.1535534067094,101.71017050743,MY
5579,Desa Green Serviced Apartments,3.1056920377397,101.69472795939,MY
5528,Madge Mansions,3.157544,101.726768,MY
5540,Zeta Deskye Residence,3.20812,101.684646,MY
5522,Akasia Aparment (Aliran Damai),3.052791,101.745328,MY
5480,OG Heights,3.0659100552471,101.66994810104,MY
5471,One @ Bukit Ceylon,3.1484859,101.7075555,MY
5468,Le Yuan Residence,3.0795465,101.6894654,MY
5444,St Regis The Residences,3.136769,101.6887025,MY
5441,The Sentral Residences @ KL Sentral,3.1368333,101.6897218,MY
5456,Seri Ampang Hilir Residences,3.1584446,101.7351032,MY
5435,The BreezeWay Garden,3.1864592,101.6256924,MY
5423,Tiara Mutiara,3.0745319,101.6593288,MY
5414,Altitude 236 @ Bukit Manda'rina,3.0761271,101.7356367,MY
5405,Seri Langkawi 2,3.2188753,101.7210755,MY
5402,Seri Langkawi 1,3.2163258,101.7160062,MY
5393,Seksyen 4 Wangsa Maju Flat Block C,3.2016348,101.7425979,MY
5387,Seksyen 4 Wangsa Maju Flat Block A,3.2045431,101.740715,MY
5399,Danau Kota Flat,3.2000462,101.7127178,MY
5396,Union Flat (Sentul),3.1769387254528,101.69228553772,MY
5390,Seksyen 4 Wangsa Maju Flat Block B,3.2030488,101.7418791,MY
5378,Seksyen 1 Wangsa Maju Flat Block D,3.205862,101.728708,MY
5381,Seksyen 1 Wangsa Maju Flat Block E,3.204673,101.73138,MY
5384,Seksyen 1 Wangsa Maju Flat Block F,3.2028373,101.7326912,MY
5372,Seksyen 1 Wangsa Maju Flat Block B,3.202552,101.72976,MY
5375,Seksyen 1 Wangsa Maju Flat Block C,3.204694,101.72962,MY
5369,Seksyen 1 Wangsa Maju Flat Block A,3.2007253,101.7297717,MY
5366,Seksyen 2 Wangsa Maju Flat Block G,3.2094449,101.7335375,MY
5363,Seksyen 2 Wangsa Maju Flat Block F,3.2108589,101.7335375,MY
5354,Seksyen 2 Wangsa Maju Flat Block C,3.2082826,101.7372658,MY
5357,Seksyen 2 Wangsa Maju Flat Block D,3.2098573,101.7360534,MY
5360,Seksyen 2 Wangsa Maju Flat Block E,3.2108214,101.7353132,MY
5348,Seksyen 2 Wangsa Maju Flat Block A,3.2061991,101.7388322,MY
5351,Seksyen 2 Wangsa Maju Flat Block B,3.2062688,101.7371532,MY
5288,Flat Taman Desa Cheras (Blok 1 3 5 7),3.0577249255847,101.73681020737,MY
5291,Flat Taman Desa Cheras (Blok 9 11),3.055245,101.738698,MY
5162,One-Stop @ Fraser Business Park,3.128925,101.714171,MY
5177,Platinum Lake Condominium PV 15,3.202227,101.7163739,MY
5159,Keramat Permai Shop Apartment,3.177,101.737868,MY
5126,Sri Saujana Apartment (Wangsa Permai),3.2101104,101.6105117,MY
5123,Saujana Ria Aparment,3.2106246,101.6107156,MY
5027,Taman Megah Kepong (Jalan Udang Harimau),3.1918748,101.6573819,MY
5015,Flat PKNS AU3 (Blok 1 - 6),3.184673,101.759678,MY
5006,Impiana Shop Apartment (Wangsa Permai),3.2121388968184,101.609416008,MY
5018,Flat PKNS AU3 (Blok 7 - 15),3.181395,101.757687,MY
4889,Taman Jinjang Baru Kos Sederhana,3.2047476037809,101.65947675705,MY
4868,Puncak Desa Apartment,3.210471,101.62918,MY
4835,KL East : The Veo,3.226333,101.731128,MY
4811,Concerto North Kiara,3.1790275,101.6579263,MY
4778,The Court @ Central Residence,3.083014,101.699157,MY
4754,Kenny Hills Residence,3.1633968,101.6908706,MY
4751,Kiara Residence 1,3.0640405,101.6685962,MY
4691,Seringin Residences,3.076404,101.6867,MY
4685,SAVILLE @ THE PARK Bangsar,3.1028226,101.6612712,MY
4673,M3 Residency,3.2177947,101.7185604,MY
4655,Pangsapuri Nusa Kurnia,3.109384,101.754812,MY
4658,Flat Taman Mastika,3.112748,101.755982,MY
4667,D'Suria Condominium @ Duta Suria,3.152691,101.747463,MY
4649,Sri Hatamas Apartment @ Bukit Hatamas,3.0986231,101.7647614,MY
4637,Seri Riana Residence,3.195514,101.739652,MY
4631,Palace Court,3.0883867,101.6843998,MY
4625,Midah Ria Flat,3.1013432,101.7282825,MY
4628,Pangsapuri Berembang Indah,3.1650861,101.7376469,MY
4463,Ria Apartment @ Sri Ehsan,3.211132,101.624473,MY
4466,Sri Ehsan Apartment,3.212375,101.624135,MY
4331,Apartment Desa Tasik Fasa 6B,3.0677624,101.7131932,MY
4337,Fadason Service Apartments,3.2133681,101.6526049,MY
4298,Ritchie's Pavilion,3.159676,101.739165,MY
3971,1C Pinang (Taman Sri Sentosa),3.0727911,101.6538013,MY
3584,Inara,3.139919,101.665375,MY
3086,Wickham Residence,3.157217,101.736117,MY
3077,Sri Tunku Condominium,3.166979,101.680896,MY
3035,Zenia Garden Condos,3.1851443509655,101.62751555443,MY
2969,Arata @ Bukit Tunku,3.169432,101.6839117,MY
2852,Sri Se Ekar,3.154207,101.728311,MY
2729,The Scott SOHO,3.0947194982078,101.67417526245,MY
2723,KM1 West Condominium @ Bukit Jalil,3.058234,101.675215,MY
2708,Residensi Desa,3.081133801178,101.68903470039,MY
2717,Vida Bukit Ceylon,3.1483283281835,101.70641809702,MY
2702,Flat Taman Bukit Anggerik,3.064538728986,101.74635887146,MY
2705,Manda'rina Court,3.0758521180175,101.73949241638,MY
2666,Fortune Court (Bukit Ceylon),3.1481970982981,101.70735955238,MY
2660,9 U-Thant,3.1536712451845,101.72453641891,MY
2669,Plaza Medan Putra,3.191218,101.62378,MY
2570,Megan Ambassy,3.1588989749985,101.72648906708,MY
2573,Mesra Apartment,3.1633446671423,101.73113465309,MY
2564,Sun Complex,3.1432478448437,101.70849680901,MY
2567,Menara Avenue,3.162712630144,101.71755194664,MY
2558,Residensi Kia Peng (12 Kia Peng),3.1533174,101.714699,MY
2555,Wisma Indah Apartment,3.1335313850676,101.71859264374,MY
2549,Merdeka View Apartment,3.13554,101.7025103,MY
2561,The Maple Suites,3.1497236490035,101.70494556427,MY
2546,Scott Sentral,3.1343669827321,101.69209241867,MY
2552,Jubilee Court,3.1306603521119,101.70849680901,MY
2528,Seri Puteri Condominium,3.1116770559384,101.71460151672,MY
2540,Villa Makmur,3.180559492542,101.65662288666,MY
2543,The Signature,3.1638267290007,101.6520524025,MY
2516,Prima Setapak II,3.1982560762918,101.70563220978,MY
2525,Putra Suria Residensi,3.113005469304,101.71657562256,MY
2522,Mas Kiara Residences,3.156799,101.628051,MY
2513,Plaza Prima Setapak,3.198938,101.713233,MY
2462,Sri Harmonis Apartment,3.2280567750209,101.71427965164,MY
2453,Platinum Suites,3.158385,101.704096,MY
2456,Villa Danau,3.2084111209237,101.72309875488,MY
2450,Sentul Utama Condominium,3.1968206504705,101.69814348221,MY
2432,Jasmin Apartment (Sri Rampai),3.1966706804926,101.72872066498,MY
2435,Dahlia Apartment (Sri Rampai),3.1975490757652,101.72953605652,MY
2438,Madu Mas Apartment,3.188369,101.714203,MY
2441,Seri Titiwangsa,3.1827876505858,101.70277833939,MY
2444,Villa Seavoy,3.183947,101.704581,MY
2447,Menara Orkid,3.1813522031672,101.69638395309,MY
2417,Taman Miharja Apartments (LRT Miharja),3.1215972636535,101.71745538712,MY
2420,Pangsapuri Segar Ria,3.0938718703027,101.7454791069,MY
2429,Pangsapuri Andika,3.1821449131828,101.73938512802,MY
2423,Wickham Manor,3.1569921421712,101.73738956451,MY
2426,Sastra U-Thant,3.1578277210321,101.72614574432,MY
2414,Miharja Apartment (LRT Maluri),3.1233541805346,101.72573804855,MY
2408,Desa Pandan Baiduri Block G Apartment,3.149397,101.738714,MY
2411,Plaza 393 Condominium,3.1304460956056,101.72189712524,MY
2372,Bandar Damai Perdana Apartment,3.0457470971306,101.73788309097,MY
2348,Sri Jati I (OKR),3.07702,101.664722,MY
2345,Zamrud Apartment,3.083334,101.667476,MY
2324,Strawberry Court Apartment,3.0508896516384,101.74977064133,MY
2288,Kasturi Apartment (Bdr Tasik Permaisuri),3.0961644922442,101.71374320984,MY
2297,Pudu Impian I,3.1180191433613,101.73129558563,MY
2294,Vila Tropika @ Pudu Impian II,3.1185547908867,101.73057675362,MY
2300,Vistaria Residensi,3.11518,101.730367,MY
2291,Iris Apartment (Taman Desa),3.0959073760117,101.68777942657,MY
2303,One Mont Kiara (1 Mont Kiara),3.1655835747646,101.65298581123,MY
2285,Pangsaria,3.082849,101.714165,MY
2279,Sri Endah Apartment,3.0642601781244,101.69020414352,MY
2282,Pangsapuri Sri Malaysia,3.0802231680189,101.70668363571,MY
2264,Savanna 2,3.058046332379,101.68546199799,MY
2261,Savanna,3.0565785739008,101.68740391731,MY
2249,Putra Ria Apartment (Bangsar),3.1222936030128,101.67717933655,MY
2180,Verdana @ North Kiara,3.179954246857,101.65429472923,MY
2192,St John Woods Residence,3.1484434890897,101.70202732086,MY
2171,Somerset Ampang Kuala Lumpur,3.159905952719,101.72273397446,MY
2168,Seri Bukit Ceylon Service Residence,3.1489255578612,101.70747756958,MY
2153,Iringan Hijau,3.1583847732325,101.73472881317,MY
2121,Gaya Apartments,3.2122674405721,101.74601554871,MY
2122,Gembira Park,3.0837049964803,101.68857336044,MY
2120,Four Seasons Place,3.1581705224216,101.71389341354,MY
2125,Golden City Condominium,3.1720806644537,101.69187247753,MY
2116,Dedaun,3.158725,101.723516,MY
2112,Residence 8,3.0753807292014,101.66357517242,MY
2113,Laman Ceylon,3.1479239258306,101.70600235462,MY
2106,Mirage Residence Luxury Condominium,3.1629697299864,101.71556711197,MY
2102,Kiara Residence 2,3.0635959411621,101.67031288147,MY
2107,The Z Residence,3.0646565774056,101.66546344757,MY
2095,Best Western Premier Dua Sentral,3.1363702718507,101.69256448746,MY
2096,Suasana Bukit Ceylon,3.1484649143731,101.70314311981,MY
2090,Central Residence @ Sg Besi,3.082951,101.699168,MY
2092,Miharja Condominium,3.1224542966456,101.72384977341,MY
2086,Sky Vista Residensi,3.115015,101.734461,MY
2082,Fahrenheit 88,3.1475168451579,101.71287417412,MY
2070,Desaku 3,3.2166486304959,101.76180839539,MY
2071,Desaku 2,3.2176769755258,101.76302611828,MY
2075,Diamond Residences @ Setapak,3.1962421947209,101.7068874836,MY
2074,Diamond Regency,3.1961136489545,101.70558929443,MY
2067,Desarina Condominium,3.107168,101.683856,MY
2064,Setapak Green,3.1943782795319,101.70635104179,MY
2066,Chinwoo Court,3.1355453885606,101.7069464922,MY
2063,Platinum Hill PV 5,3.2232578715938,101.72822713852,MY
2061,Putra Villa,3.228409,101.72517,MY
2062,Platinum Hill PV 6,3.221816,101.731522,MY
2060,Midfields,3.0970858248979,101.70112609863,MY
2056,Cheras Ria Apartment,3.1028280661513,101.7514872551,MY
2057,Pangsapuri Puteri 1 (Tmn Damai Impian 2),3.0492826059954,101.73685312271,MY
2054,Chelsea @ Plaza Damas 3,3.1625412302137,101.6565155983,MY
2055,Cliveden @ Plaza Damas 3,3.1628197550861,101.65692329407,MY
2045,Carlton @ Plaza Damas 3,3.16276,101.656042,MY
2046,Casa Residency,3.1416730774557,101.70446276665,MY
2044,Bukit Segambut Apartment,3.1829804717284,101.64902687073,MY
2041,Bougainvilla Apartment (Segambut),3.1776885895026,101.6464304924,MY
2040,Kondominium Bistari Lavender,3.1685402109087,101.69378757477,MY
2042,Bukit Mas Apartment,3.229642122066,101.74207806587,MY
2035,Begonia @ The Park Residences,3.1096630066745,101.663210392,MY
2037,Berjaya Times Square,3.1424229669844,101.7106962204,MY
2033,Banyan Tree @ Pavilion,3.150312843414,101.71375930309,MY
2038,Beverly 2 (Bandar Menjalara),3.191357444281,101.62389993668,MY
2031,Bangunan Siewdor,3.1331885755764,101.69175982475,MY
2027,Royalle Condominium,3.1829376225887,101.653034091,MY
2023,Avelon Tower,3.1910789271085,101.62437200546,MY
2021,Astana Lumayan (Bdr Tasik Permasuri),3.0987677905817,101.71536326408,MY
2020,Astaka Heights,3.11683000488,101.73801183701,MY
2008,Amaya Maluri,3.1274464999173,101.72902107239,MY
2011,Andalucia,3.107565,101.662143,MY
2002,Alam Puri,3.20785,101.674006,MY
2006,Aman Kiara,3.1656264246241,101.64750337601,MY
2000,Acacia @ The Park Residences,3.1105200493847,101.6628241539,MY
1997,8 Petaling,3.0661886056792,101.69041872025,MY
1998,Abadi Ria,3.0956288333562,101.68443202972,MY
1989,348 Sentral,3.1309174598616,101.68475389481,MY
1990,6 CapSquare,3.1545014704258,101.70036971569,MY
1988,327 Persiaran Ritchie,3.1588346997917,101.73962116241,MY
1993,7 U Thant,3.1538426465789,101.72608137131,MY
1991,6 Stonor,3.15272853701,101.71760559082,MY
1987,325 Persiaran Ritchie,3.1594774516807,101.73992156982,MY
1986,288 Residency,3.196992044704,101.70792818069,MY
1984,222 Residency,3.196241,101.707334,MY
1982,188 Suites (Fraser Residence),3.15923,101.704866,MY
1981,183 Ampang,3.1585775989246,101.72211170197,MY
1971,Gembira Residen (G Residence),3.082130140095,101.68657779694,MY
1975,Rosvilla Condominium,3.1791026173713,101.64688110352,MY
1972,Kiaramas Danai,3.1658835237437,101.64201021194,MY
1944,The Greens @ TTDI,3.137709366715,101.62954330444,MY
1943,The Capers,3.180945135625,101.69320821762,MY
1935,Waldorf Tower,3.1639552787917,101.65828585625,MY
1938,OUG Parklane,3.0669722566689,101.65936487039,MY
1934,Vue Residences,3.171644,101.698539,MY
1939,Akisama Residences,3.1423773308656,101.72018587589,MY
1931,TTDI Residence Condominium,3.137709366715,101.63072347641,MY
1930,TTDI Plaza Condominium,3.1372380055184,101.63102388382,MY
1927,The Elements @ Ampang,3.161170029751,101.74800038338,MY
1928,The Pearl,3.1514430244863,101.71711742878,MY
1925,Taragon Puteri KL,3.1400501004169,101.71061575413,MY
1924,Swiss Garden Residences,3.1436120764181,101.70537471771,MY
1916,Royal Regent (Sri Putramas 3),3.179316863849,101.6747546196,MY
1919,Sixceylon Condominium,3.1480042706814,101.70558929443,MY
1914,Residence One,3.0845299203229,101.67155742645,MY
1910,Millennium Residence,3.1484220638058,101.71241283417,MY
1912,Panorama Residences @ Sentul,3.216384,101.691154,MY
1913,Platinum Park,3.1552138567173,101.71895742416,MY
1904,K Residence @ Jalan Ampang KLCC,3.1595203017925,101.71333551407,MY
1902,Icon Residence (Mont Kiara),3.1794668363569,101.66325330734,MY
1903,Anggun Residences,3.1574634944318,101.69902324677,MY
1905,Kenny Heights Sanctuary,3.1653907503751,101.65617227554,MY
1907,M City,3.1589204000665,101.74766778946,MY
1906,Kiara 9,3.1698899767756,101.6486620903,MY
1899,Gallery @ U-Thant,3.1580848220848,101.72758340836,MY
1896,Endah Promenade,3.06383,101.697029,MY
1897,First Residence,3.2097179864352,101.64819002151,MY
1892,D'Rapport,3.1631839798064,101.73990011215,MY
1894,Damai 206,3.1616413801145,101.72794818878,MY
1890,Seni Mont Kiara,3.1714111393721,101.65950894356,MY
1891,Covillea @ Bukit Jalil,3.0586248643661,101.68524742126,MY
1882,Acadia Residensi,3.1615021175294,101.71813130379,MY
1881,9 Madge,3.1572626,101.7269021,MY
1884,Ampersand,3.1511430713356,101.71902179718,MY
1887,Bintang Fairlane,3.1450448979217,101.71258449554,MY
1888,Brunsfield EmbassyView,3.15964,101.733458,MY
1886,Berjaya Central Park,3.1563386761834,101.70550346375,MY
1875,20trees (The Apartment),3.2181161642328,101.75320386887,MY
1877,231 TR,3.1471151206539,101.72205269337,MY
1878,28 Mont Kiara,3.173846,101.652198,MY
1879,51 Gurney,3.1669976191911,101.71909689903,MY
1874,11 Mont Kiara,3.1687116098465,101.65518522263,MY
1872,D'9@Bangsar,3.138042,101.664325,MY
1863,Tiara Villa,3.0859012208787,101.6776406765,MY
1857,Bukit Desa Condominium,3.111387804419,101.68647050858,MY
1856,Vista Angkasa,3.1131768773583,101.66170835495,MY
1759,Pangsapuri Tulin,3.0777912380006,101.66433691978,MY
1760,Villa Bovelin,3.0690812404916,101.66814565659,MY
1758,Sri Jati II (OKR),3.0769448821987,101.66471242905,MY
1755,Casa Idaman,3.2048922,101.6815406,MY
1744,Menara Polo,3.150661,101.739039,MY
1749,Sri Mutiara,3.125209,101.708647,MY
1738,Impian Kota,3.1368523461994,101.69636249542,MY
1739,Menara Belfield Condominium,3.1364238356782,101.70040726662,MY
1741,Kenanga Point,3.1351811541735,101.70765995979,MY
1743,Desa Pandan Delima Block J Apartment,3.1520643557378,101.73683166504,MY
1742,Ixora Apartment (Jalan Tun Razak),3.1376999394931,101.71891450882,MY
1740,Bangunan Choo Cheng Khay,3.1359551520944,101.7019200325,MY
1734,Kemuning Apartment,3.1451332775014,101.71756267548,MY
1730,Cheras Heights,3.0683527257947,101.74739956856,MY
1733,Sri Kia Peng,3.1511430713356,101.71441912651,MY
1735,Seriska,3.1522518263011,101.7236405611,MY
1736,Kondominium Sri Jati,3.146804453598,101.71716570854,MY
1737,Villa Inai,3.145571,101.719727,MY
1732,Sri Kenny,3.164212378326,101.68908834457,MY
1724,D'Mayang,3.1609236419758,101.71348571777,MY
1728,Pangsapuri Villa Bolton,3.1567564659607,101.7236995697,MY
1726,The Ascott,3.1546942968386,101.71046555042,MY
1725,Kirana Residence,3.1545389,101.7107981,MY
1729,Intan Apartment (Setiawangsa),3.1828090751589,101.74272179604,MY
1721,The Palladium Condominium,3.167426117121,101.717659235,MY
1718,Villa Puteri,3.165412175309,101.69290781021,MY
1717,Villa Putra,3.1654336002425,101.69212460518,MY
1719,The Vistana Residences,3.1708648065843,101.69781088829,MY
1720,Jelita Court,3.1633446671423,101.71597480774,MY
1722,Menara City One Condominium,3.1552031441451,101.69803619385,MY
1714,Kondominium Bistari Begonia,3.1678117651063,101.69372320175,MY
1713,Selangor Properties Apartment,3.1742820598648,101.67984008789,MY
1715,Menara Putra,3.1657656866551,101.69515013695,MY
1716,Grand Seasons Avenue,3.1698417708821,101.69792890549,MY
1700,Impian Diatas,3.1245968760658,101.68769359589,MY
1705,Seputeh Heights,3.1177834583637,101.68413162231,MY
1708,Sri Langit Kondominium,3.1181691246959,101.68217897415,MY
1701,Kristal Court Robson Heights,3.1217900961377,101.68859481812,MY
1703,Robson Court,3.1247361435768,101.68477535248,MY
1709,Desa Eight,3.109148780714,101.68973207474,MY
1699,Plaza Menjalara,3.1942175970295,101.62995100021,MY
1695,Desa Bistari (Damansara Heights),3.144758,101.658464,MY
1686,Sri Bukit Tunku,3.1653479005058,101.69016122818,MY
1689,Camellia Serviced Suites,3.1096415805978,101.66414380074,MY
1692,Lumayan Apartment (Bdr Tasik Permaisuri),3.0979214514952,101.7175412178,MY
1687,Villa Bukit Tunku,3.1695471792619,101.67958259583,MY
1679,Desa Angkasa,3.1578009396688,101.7236995697,MY
1684,Belvedere Condominium,3.1613200048899,101.68466806412,MY
1685,Intan Kenny Condominium,3.1684116616867,101.67627811432,MY
1678,Platinum Victory Lake City PV 13,3.2010037,101.7155188,MY
1672,One Kiara,3.1693543556106,101.64797544479,MY
1667,Quadro Residences,3.1532213163896,101.71565294266,MY
1668,Wedgewood Residences,3.174742691888,101.65756702423,MY
1663,Apartmen Bukit Sri Bintang,3.1873510746127,101.64211750031,MY
1657,Damansara Sutera,3.2086039372518,101.60739898682,MY
1652,Mutiara Residency,3.127015,101.679409,MY
1651,Olive 108,3.1606409,101.73830419779,MY
1634,Pantai Hillpark 5,3.1056348966104,101.6622877121,MY
1633,Pantai Hillpark 3,3.1062134027245,101.6633605957,MY
1632,Pantai Hillpark 2,3.105951,101.663775,MY
1631,Hampshire Place,3.1628036863455,101.71631276608,MY
1595,Platinum Hill PV 3,3.2227575,101.728819,MY
1590,1 Petaling,3.0669385487894,101.70548200607,MY
1592,Continental Heights,3.0875328733156,101.67979398938,MY
1586,One Menerung,3.1448226098548,101.6666328907,MY
1587,One KL,3.1558780359778,101.71061038971,MY
1589,Ceriaan Kiara,3.169496,101.649436,MY
1588,Bintang Goldhill,3.145455,101.721409,MY
1585,Maytower,3.1540301168218,101.69824004173,MY
1580,Titiwangsa Sentral,3.1710040679106,101.69657707214,MY
1582,Aston Kiara 3,3.1727448329062,101.65076494217,MY
1578,Parkview Service Apartment,3.1558780359778,101.70847535133,MY
1575,Sunway Vivaldi,3.1646890835436,101.64602279663,MY
1573,Binjai 8,3.158682,101.7172905,MY
1568,Verticas Residensi,3.148342,101.705003,MY
1571,Panorama (KLCC),3.1608272293521,101.71447277069,MY
1567,St Mary Residences,3.1520643557378,101.70814275742,MY
1569,Cormar Suite,3.153043,101.710486,MY
1572,The Binjai,3.1546782279723,101.71788454056,MY
1570,The Troika,3.1581383847961,101.71784162521,MY
1561,The Park Residences,3.1107771620619,101.66239500046,MY
1564,Suria Jelatek Residence,3.16647,101.735003,MY
1565,Kiara Designer Suites,3.1683045373228,101.64795398712,MY
1559,i-Zen Kiara II,3.1656031,101.6521357,MY
1558,Pangsapuri Sentul Utara,3.1899862820875,101.69204950333,MY
1557,Mandy Court,3.1861084541118,101.65623664856,MY
1556,Mutiara Magna,3.2110034262913,101.63922071457,MY
1555,Desa Dua Aman Puri,3.209624,101.616069,MY
1405,Aman Putra Apartment,3.226085799569,101.66035652161,MY
1276,Sentosa Court (Jalan Klang Lama),3.076837748505,101.6569018364,MY
1247,1K Tricourt,3.0707739638988,101.65178418159,MY
1219,Taman Sri Sentosa,3.0718881601205,101.65108680725,MY
1122,Glenview Villa,3.1116556299026,101.75355792046,MY
1123,Grandeur Tower,3.1296533461512,101.75019979477,MY
1124,Pandan Court,3.130196,101.7639,MY
1027,Sri Pinang Villa,3.1421124,101.7496367,MY
1017,Merdeka Villa,3.13844,101.764513,MY
1004,The Meritz,3.160184478299,101.7129278183,MY
767,Desa Villa,3.1115484997174,101.68479681015,MY
637,Villa Wangsamas,3.1946996444611,101.73597335815,MY
638,Desa Villas,3.1884437224339,101.73775434494,MY
639,Lojing Heights 1,3.1945282498447,101.74539327621,MY
636,Riana Green East,3.196191,101.740321,MY
627,Villa Flora  (TTDI),3.156026,101.623731,MY
635,Metroview Condominium,3.2055139,101.7356621,MY
631,Pinggiran Kiara,3.1514215992641,101.63156032562,MY
633,The Residence Condominium,3.1380521747245,101.63068056107,MY
629,Kiara Park,3.1553852578574,101.62617444992,MY
630,Kiara View,3.151438,101.631468,MY
632,The Plaza Condominium,3.1370773141528,101.63103461266,MY
634,Trellises,3.140837485632,101.63070201874,MY
625,Prima Court,3.217079,101.758148,MY
626,Kiara Green Townhouses,3.1399161913077,101.63120627403,MY
617,Seri Duta II,3.1580633969995,101.67284488678,MY
621,Kemensah Villa Condominium,3.2178162305021,101.76401853561,MY
622,Legasi 1,3.2207298687193,101.73867702484,MY
623,Legasi 2,3.2200871551231,101.73745393753,MY
613,Casa Desa Condominium,3.097314,101.67894,MY
614,Desa Permai,3.103363,101.680199,MY
615,Duta Vista Executive Suites,3.1503396249702,101.67539834976,MY
616,Seri Duta I,3.1565207896967,101.67376756668,MY
620,Melawati Hillside Apartment,3.2215439720253,101.74962043762,MY
624,Pesona Villa,3.2157595396861,101.76483392715,MY
619,Desa View Towers Apartment,3.2252074288429,101.7404794693,MY
608,Petaling Indah Condominiums,3.0669814026655,101.70443058014,MY
611,Villa Mewah,3.0748450598393,101.69280052185,MY
603,Puncak Prima,3.164424,101.658752,MY
604,Windsor Tower,3.164628,101.658291,MY
601,Mont Kiara Palma,3.1677689153372,101.65317893028,MY
602,Mont Kiara Pines,3.166922,101.654366,MY
610,Endah Ria,3.063724503187,101.70005321503,MY
612,1 Desa Residence,3.105523,101.692113,MY
606,Endah Regal Condominium,3.0633816710863,101.69855117798,MY
609,Endah Puri,3.064951,101.701501,MY
607,Endah Villa,3.064409,101.692126,MY
590,Vista Wira 1 & 2,3.2101036185619,101.73168182373,MY
598,Hartamas Regency II,3.1726109280106,101.66312456131,MY
594,Mayfair Apartment (Sri Hartamas),3.164705152255,101.65739536285,MY
593,Dorchester Apartment,3.1640624036054,101.65634393692,MY
599,Matahari Luxury Super Condos,3.1585133236979,101.64582967758,MY
600,Menara Hartamas,3.1617699301765,101.65479898453,MY
591,Waizuri 1,3.1935855789429,101.74701333046,MY
592,Waizuri 2,3.193736,101.745834,MY
589,"Teratai Mewah (Block 15,17,19,21)",3.200615,101.708358,MY
596,Duta Kingsbury,3.1739392638074,101.65681600571,MY
597,Hartamas Regency I,3.1740892370965,101.66308164597,MY
595,Astana,3.169418630165,101.65365636349,MY
581,Pangsa Murni,3.1989630763309,101.75374031067,MY
578,Kenari Apartment (Taman Melati),3.2237077697522,101.72691822052,MY
579,Melati Impian,3.2177091112912,101.71824932098,MY
586,Sri Ledang,3.187436772523,101.7369389534,MY
584,Sri Kenangan,3.1974848029659,101.75120830536,MY
583,Sri Jelatek,3.1898791599641,101.73925638199,MY
585,Sri Kinabalu,3.187436772523,101.73691749573,MY
577,Teratai Mewah Condominium,3.2007198621955,101.70818567276,MY
580,Melati Utama,3.2230007868426,101.72902107239,MY
582,Sri Ayu,3.179124042021,101.74481391907,MY
587,Sri Tioman II,3.221972447188,101.72093153,MY
588,Tar Villa,3.2082825766847,101.72917127609,MY
572,PV 10 Platinum Lake Condominium,3.2036335491829,101.71524524689,MY
573,Seri Maya Condominium,3.1747534042582,101.73457860947,MY
570,Platinum Hill PV 7,3.2219938709414,101.72891378403,MY
566,Idaman Suria,3.2075005988828,101.71064257622,MY
575,Sri Lojing Condominiums,3.1875438949008,101.73880577087,MY
568,Platinum Lake PV 12,3.2064187,101.7179704,MY
569,Menara Alpha Kondominium,3.2077358350078,101.73599481583,MY
571,Platinum Hill PV 8,3.221354,101.730283,MY
574,Setapak Ria,3.194076,101.713926,MY
576,Sri Pelangi (Jalan Genting Kelang),3.1973134088147,101.71350717545,MY
567,La Villas Condominium,3.2061241022581,101.70553028584,MY
554,Putra Apartment,3.1815664491775,101.74599409103,MY
562,Desa Putra (Wangsa Maju),3.1996379,101.7378536,MY
561,Alpha Villa,3.2009383890071,101.73557639122,MY
557,Resource Springs Apartment,3.1893221247425,101.7138504982,MY
560,Teratai Mewah Apartment Block 42,3.2032693387629,101.71172618866,MY
565,Idaman Puteri,3.2091609619953,101.70958042145,MY
563,Genting Court Condominium,3.1965207104929,101.71118974686,MY
555,Putri Apartment,3.1824662819344,101.74404144287,MY
556,Rampai Court,3.1943140065339,101.73316240311,MY
559,Teratai Mewah Apartment Block 4 & 6,3.200592,101.708356,MY
564,Heritage,3.1858834967918,101.70085787773,MY
544,Megaria Tulip,3.0344976735795,101.69951677322,MY
548,Idaman Putera,3.2112605140684,101.71249866486,MY
553,Prima Setapak,3.1979240003476,101.71117901802,MY
549,Indah Apartments (Taman Setapak Indah),3.2116889935531,101.72138214111,MY
547,Block 101 Apartment,3.2024337967215,101.71198368073,MY
552,Mahsuri Apartments,3.1803452463224,101.74255013466,MY
551,Langkawi Apartment,3.2039870474079,101.71412944794,MY
533,Sang Suria,3.1869440094415,101.68257594109,MY
534,Le Chateau 2 Apartment,3.1223043159224,101.6912984848,MY
535,Le Chateau Apartment,3.121211598579,101.69181346893,MY
537,Robson Heights,3.122003,101.688391,MY
541,Kondo Bukit Robson,3.1197974920947,101.68608427048,MY
538,Seputih Permai,3.1216401153197,101.68200731277,MY
539,Sri Seputih,3.1174620696455,101.67984008789,MY
540,Casa Elita,3.102681,101.708647,MY
536,Robson Condominium,3.121509,101.683748,MY
542,Sri Tiara Condominium,3.1218757994526,101.68281197548,MY
522,1 Sentul,3.200077136009,101.68951749802,MY
524,Mutiara Sentul,3.1893649736165,101.69177055359,MY
525,Pangsapuri Mawar (Sentul),3.1848229830495,101.69754266739,MY
531,The Saffron,3.1808808617878,101.6893029213,MY
530,The Maple Condominium,3.1853800207069,101.68252229691,MY
528,Pelangi Kondominium (Sentul),3.2043619696343,101.69157743454,MY
526,Pangsapuri Melur (Sentul),3.185037228338,101.69627666473,MY
527,Pangsapuri Villa Angkasa,3.1939712171437,101.68992519379,MY
532,The Tamarind @ Sentul East,3.180538067922,101.69069766998,MY
523,Anjung Villa Condominium,3.185337171667,101.69846534729,MY
529,Sri Suajaya Condominiums,3.200334226532,101.69097661972,MY
512,Pangsapuri Nilam,3.1840731241887,101.65040016174,MY
513,Pangsapuri Seri Gembira,3.1948710390489,101.67441129684,MY
511,Pangsapuri Angsa,3.1874581969994,101.65383338928,MY
518,Sutramas Luxury Condominium,3.1812450801454,101.65527105331,MY
520,Sentul Park Apartment,3.1894506713589,101.68915271759,MY
521,Sri Sentul Apartment,3.1951281308769,101.68988227844,MY
519,Apartment Sentul,3.1933017062859,101.69149160385,MY
515,Prima Tiara II,3.1860656051023,101.6531252861,MY
514,Prima Tiara 1,3.1845658886444,101.6522026062,MY
516,Prima Duta,3.181222,101.660992,MY
510,Menara Duta 2,3.1798792606412,101.6581517458,MY
498,Avilla Apartment,3.051182,101.628293,MY
506,Changkat View Condominium,3.18003,101.65928,MY
508,Mandy Villa,3.1861405908678,101.65695548058,MY
504,Amandari,3.18355893494,101.64703130722,MY
505,Anggun Puri,3.178838,101.654338,MY
502,Nova II,3.1867297645498,101.64793252945,MY
503,Prima Ria,3.180961,101.668621,MY
509,Menara Duta 1,3.180559492542,101.6587471962,MY
507,Duta Ria,3.1786741242824,101.65490627289,MY
491,Faja Ria,3.1164764769642,101.66840314865,MY
493,Cengal Taman Mas,2.973697,101.578745,MY
490,Bintang Pantai Condominium,3.1246183018379,101.66670799255,MY
485,Papillon Desahill Condominium,3.1076061013287,101.68172836304,MY
487,Vila Banyan,3.0705382683952,101.67039871216,MY
496,Puncak Kinrara,3.0421687217928,101.63340568542,MY
492,Pantai HillPark 1,3.1064062380255,101.66436910629,MY
486,Saville @ Jalan Klang Lama,3.1113342393141,101.6786813736,MY
477,Mont Kiara Sophia,3.1700560192805,101.65340423584,MY
476,Mont Kiara Scott,3.17146,101.65388,MY
478,Mont Kiara Astana,3.1718985536744,101.65444493294,MY
479,Tiffani Kiara (Tiffani by i-ZEN),3.1733822199714,101.65821075439,MY
473,Mont' Kiara Damai Resort Condominium,3.1720645958568,101.6555929184,MY
482,i-Zen Kiara I,3.1656049996946,101.6531252861,MY
483,Solaris Dutamas Designer Suites,3.1710683423625,101.66584968567,MY
484,Verve Suites @ Mont Kiara,3.167383267336,101.64613008499,MY
474,Mont Kiara Meridin,3.174458,101.653601,MY
475,Mont' Kiara Pelangi,3.1692579437714,101.65424108505,MY
480,Vista Kiara,3.16668,101.650307,MY
471,Mont Kiara Banyan,3.1727609014925,101.65293216705,MY
472,Mont' Kiara Bayu,3.1722895561904,101.65359199047,MY
465,Lanai Kiara,3.1655514373688,101.64899468422,MY
464,Laman Suria,3.1687651720087,101.6495847702,MY
462,KiaraVille,3.172814463445,101.66006684303,MY
463,La Grande Kiara,3.1742701,101.6580293,MY
466,Sering Akasia,3.0756592771634,101.76876068115,MY
467,Lumina Kiara,3.1745820063218,101.65662288666,MY
469,Mont Kiara Aman,3.1728251758352,101.65514230728,MY
460,Kiaramas Cendana,3.1666333958113,101.64201021194,MY
461,Kiaramas Sutera,3.1677153531234,101.64385557175,MY
470,The Westside One,3.1850903611627,101.62321329117,MY
457,Hijauan Kiara,3.1667512328011,101.64649486542,MY
452,Casa Kiara 1,3.169001,101.648768,MY
448,Almaspuri,3.169468,101.652989,MY
451,Bougainvilla (Bukit Bintang),3.1416088011853,101.71313166618,MY
453,Casa Kiara 2,3.1687973093048,101.64674162865,MY
458,Kiara 1888,3.170453,101.649446,MY
459,Kiaramas Ayuria,3.1676403660194,101.6415810585,MY
450,Angkupuri,3.170329185924,101.65219187737,MY
440,Stonor Park,3.1539926227759,101.71782016754,MY
445,Northpoint Residences,3.1203545645732,101.67760848999,MY
444,Kuchai Avenue,3.0862654722914,101.69166326523,MY
438,Pangsapuri Kenanga Sari,3.1821663377694,101.75442695618,MY
436,Kondominium Gurney Heights,3.1701524310452,101.72857046127,MY
439,The Forum,3.144599,101.721218,MY
447,10 Mont Kiara (MK10),3.1697614277213,101.65625810623,MY
441,Bukit Gembira Condominium,3.0840156821584,101.68811202049,MY
437,Kampung Warisan Condominium,3.169368,101.735023,MY
428,Enau Court,3.162712630144,101.73184275627,MY
431,Pangsapuri Bukit Baru,3.1745820063218,101.73232555389,MY
432,Pangsapuri Mawar Sari,3.1821449131828,101.75331115723,MY
435,Desa Tunku Mariam II,3.1729108749527,101.72876358032,MY
434,Chek Tan Terrace Condominium,3.1614378424838,101.73014760017,MY
429,Havalla,3.166659,101.718805,MY
427,Bekay Court,3.1625198052204,101.7324757576,MY
426,Suria Magna,3.2112819380469,101.64063692093,MY
433,Two-Twelve,3.161255729833,101.72713279724,MY
430,Lanai Gurney,3.1698042774078,101.7277765274,MY
424,Seri Puri,3.2128887351534,101.61151885986,MY
425,Sinar Magna,3.2114747538332,101.64391994476,MY
418,Casa Magna,3.2112176661101,101.64304018021,MY
415,Kepong Sentral Condominium,3.2105535225257,101.62913560867,MY
416,Kestana Condominium,3.1946567958097,101.62544488907,MY
414,Hijau Ria Kepong Indah,3.2258822747122,101.63964986801,MY
420,Ixora Apartment (Kepong),3.212764,101.608145,MY
421,Metro Prima,3.2129101590978,101.6414308548,MY
417,Medan Putra Condominium,3.193542730245,101.62374973297,MY
422,Pelangi Magna,3.2102107385713,101.6411948204,MY
413,Casa Prima Condominium,3.213168,101.636703,MY
412,Aman Tiga,3.2098679545018,101.61248445511,MY
423,Perdana Puri,3.2123959843096,101.61357879639,MY
419,Happy Court,3.206654348259,101.63877010345,MY
404,Fortune Avenue,3.216934,101.642972,MY
405,Greenview Apartments,3.201533981453,101.65685892105,MY
403,Desa Heights Apartment,3.211088,101.629836,MY
407,Ria Apartments,3.2236434985989,101.63540124893,MY
408,Vista Magna,3.2138099643538,101.64067983627,MY
409,Vista Mutiara,3.2075327349687,101.65044307709,MY
406,Pangsapuri Menara Menjalara,3.1914431418574,101.6272687912,MY
411,Aman Satu,3.2135100293566,101.61450147629,MY
410,Aman Dua,3.209803682476,101.61362171173,MY
401,Desa (3A) Aman Puri Apartment,3.2131458224558,101.61621809006,MY
392,Royal Domain Sri Putramas 2,3.1806237663991,101.67408943176,MY
394,KLCC Cendana Luxury Condominium,3.1577848708504,101.70440912247,MY
398,Tijani 2 North,3.1729108749527,101.68310165405,MY
395,Crest Luxury Residences,3.155364,101.705485,MY
393,Sri Putramas,3.1804095201929,101.67284488678,MY
391,Antah Tower,3.17983,101.67343,MY
396,Sri Jinjang,3.2023052517315,101.65990591049,MY
397,Sutera Bukit Tunku,3.1663,101.687783,MY
399,Aman & Damai Apartment,3.2049404207998,101.61299943924,MY
400,Aman Puri Apartment,3.210225,101.612994,MY
389,Abadi Indah Apartment,3.095698,101.683548,MY
388,Pangsapuri Taratak Muhibbah,3.0972358092075,101.68300509453,MY
386,Pangsapuri Bukit Awansari (OG Court),3.075220028421,101.66543126106,MY
387,Pangsapuri Desa Tenaga,3.1034922786128,101.67825222015,MY
380,Dynasty Garden Condominium,3.0884509781454,101.68689966202,MY
382,Meadow Park 3,3.0830300583149,101.6780591011,MY
379,Desa Gembira,3.0821905,101.6881635,MY
381,Meadow Park 2,3.084902,101.67851,MY
383,Meadow Park 1,3.0843263677459,101.67781233788,MY
384,Nyaman Court,3.082092643486,101.68006002903,MY
385,One Mesraria,3.0820872868274,101.68063402176,MY
373,Kondominium OBD Garden Tower,3.1081948908936,101.68335914612,MY
377,Union Heights,3.0717167453928,101.66827440262,MY
369,Kondominium Greenpark,3.0690705270438,101.66400432587,MY
374,Pearl Point Condominium,3.0846156266594,101.67381048203,MY
375,Sri Desa,3.086713,101.689278,MY
371,Merc Residence,3.110067,101.680966,MY
372,O.G. Heights,3.0663600212936,101.66979789734,MY
376,Tiara Faber,3.1081631802558,101.69061183929,MY
368,Gemilang Indah,3.1069740306515,101.67727589607,MY
370,Menara Seputih,3.1152766237585,101.67938947678,MY
361,Danau Murni,3.0979857304369,101.68575167656,MY
360,Danau Impian Kondominium,3.1003961879328,101.68759703636,MY
362,Danau Permai Condominiums,3.101735328613,101.68829441071,MY
363,De Tropicana,3.0868118491764,101.69268250465,MY
366,Faber Ria,3.1051635210238,101.68256521225,MY
367,Fortuna Court,3.0665742907729,101.66866064072,MY
358,Bukit OUG Condominiums,3.062546017381,101.66754484177,MY
359,Kondominium Danau Idaman,3.0991641770098,101.6857624054,MY
364,Kondominium Desa Cindaimas,3.0859869271047,101.67847752571,MY
365,Faber Heights,3.1010188349944,101.67981863022,MY
357,Brem Park 1,3.087015,101.687805,MY
356,Kondominium Abadi Villa,3.0960252209594,101.68583750725,MY
355,Laksamana Apartments,3.1048207022833,101.67878866196,MY
347,Villa Angsana,3.194632,101.68554836499,MY
351,Pangsapuri Sri Bandar,3.1751818989745,101.68247938156,MY
346,Seri Anggun,3.192589346254,101.68303728104,MY
349,Apartment Tmn Bt Permai,3.2059045053489,101.67726516724,MY
348,Viva Residency,3.178046,101.685225,MY
345,Putra Majestik,3.1758621,101.6841692,MY
352,Sri Intan 1 (Jalan Ipoh),3.1960600882137,101.67574167252,MY
353,Delima Apartment,3.0839460457212,101.66886985302,MY
354,Faber Indah,3.0990356192656,101.68462514877,MY
335,Cemerlang Apartments,3.2254859367163,101.72030925751,MY
339,Idaman Sutera,3.208146,101.71006,MY
341,Menara KLH (Jalan Ipoh),3.1770672736143,101.68584823608,MY
338,Pangsapuri Harmonis,3.229453,101.71657973493,MY
344,Kondominium Putra Court,3.1686044855137,101.69531643391,MY
337,Medan Intan,3.2056688403208,101.70389413834,MY
336,Ujana Harmonis Resort Apartment,3.2315488199631,101.71556711197,MY
342,Menara Megah,3.1726966271458,101.68859481812,MY
343,Pelangi Indah Condominium,3.1976347728247,101.67672872543,MY
340,Megah Court Apartment,3.1733822199714,101.68953895569,MY
333,Widuri Impian Condominium,3.084267,101.712846,MY
334,Winner Court A,3.0831371913856,101.70657634735,MY
327,Winner Court B,3.0836085767686,101.70767068863,MY
324,The Northshore Gardens,3.187504,101.626401,MY
332,Vantage Point,3.08647973777,101.70127630234,MY
323,Nadia Parkhomes,3.18795051826,101.62974613015,MY
329,Desa Sri Puteri,3.084614,101.713295,MY
331,Pangsapuri Jati Selatan,3.0837799895833,101.71439766884,MY
328,Bukit Winner (Winner Heights),3.083651,101.705632,MY
325,Amadesa Resort Condominium,3.084487,101.702769,MY
326,Sri Lata,3.0852155708219,101.70129776001,MY
330,Desa Sri Puteri B Apartments,3.0844013608051,101.7146229744,MY
313,Mas Kipark Damansara,3.2077255514625,101.60789251328,MY
316,Vista Saujana,3.2098893785095,101.61190509796,MY
319,Semantan Avenue suites,3.1509073937993,101.67076349258,MY
311,Twins @ Damansara Heights,3.145352,101.661984,MY
315,Suria Kipark Damansara,3.2060330498868,101.60821437836,MY
314,Prima Saujana,3.210810610416,101.61100387573,MY
320,RSGC View,3.1473079484351,101.73481464386,MY
312,Villa Setia,3.150331,101.646345,MY
309,Sunway Palazzio,3.154842,101.647855,MY
310,Sinaran TTDI,3.1405161039832,101.62724733353,MY
301,Desa Damansara,3.1531356156447,101.64750337601,MY
302,Desa Damansara 2,3.1532427415747,101.64761066437,MY
304,Indah Damansara,3.149325,101.66597181524,MY
305,Jamnah View,3.1445346530018,101.66739463806,MY
303,Desa Kiara,3.13273,101.630464,MY
295,Prima Damansara,3.1600987781285,101.66042089462,MY
293,Lagenda Damansara,3.1560280118811,101.66471242905,MY
286,Regalia @ Sultan Ismail,3.1644266278891,101.69252157211,MY
288,Damai 33,3.163041,101.723808,MY
298,Aman Beringin,3.155691,101.66155,MY
291,Clearwater Residences,3.151065,101.667403,MY
289,Belair,3.1608593668944,101.65633320808,MY
290,Cempenai Parc,3.1592846261558,101.661901474,MY
297,Villa Vista,3.1567778910729,101.66290998459,MY
275,The Avare,3.1554923835557,101.7201590538,MY
284,One Residency,3.1489791210442,101.70863628387,MY
285,Setia SKY Residences,3.168101,101.710307,MY
279,Oval Kuala Lumpur,3.156264,101.71912,MY
280,U-Thant Residence,3.156664,101.726017,MY
277,The Katana Residences,3.158024,101.728625,MY
278,The Orion,3.1639981287185,101.7125415802,MY
281,UBN Tower,3.1536926703603,101.70696258545,MY
282,Casa Mutiara,3.1429,101.703931,MY
283,myHabitat,3.1622627052664,101.71955823898,MY
276,The Capsquare Residences,3.1545496770324,101.69958114624,MY
274,Taragon Puteri YKS,3.162712630144,101.71500921249,MY
272,Sri Emas (Bukit Bintang),3.142294414532,101.70413017273,MY
264,Dua Residency,3.160167,101.721387,MY
265,Hampshire Park Condominium,3.1618556302089,101.71552419662,MY
266,Idaman Residence @ KLCC,3.1565783,101.7088012,MY
267,Marc Residence,3.155433464423,101.71032875776,MY
268,Menara Pinang,3.1524500094314,101.71297073364,MY
270,Rivercity,3.180112,101.681373,MY
269,Plaza Rah,3.167005,101.703091,MY
271,Seasons Tower,3.1416302266092,101.71352863312,MY
273,Suria Stonor,3.1539069220946,101.71942949295,MY
252,3 Kia Peng Apartment,3.1519786548975,101.7138504982,MY
258,1A Stonor,3.1505431647747,101.71773433685,MY
263,Mayang Court Condominium,3.1602433971621,101.71426355839,MY
261,Corinthian Condominium,3.158856124861,101.71803474426,MY
262,Crown Regency,3.154925,101.70847,MY
257,The Nomad SuCasa,3.1614057049595,101.72912836075,MY
256,Park Seven,3.1537783710593,101.71709060669,MY
259,Binjai Residency,3.159142,101.717749,MY
260,Bistari Condominium,3.168757,101.694256,MY
255,Hampshire Residences,3.1614378424838,101.7149502039,MY
253,City Park Apartments,3.1427550607464,101.70476317406,MY
254,Desa Kudalari,3.1571849681218,101.71854972839,MY
239,Perdana Villa (Pandan Perdana),3.116869,101.7399355,MY
250,Connaught Avenue,3.0793232474258,101.74198150635,MY
251,Pertama Residency,3.11611,101.729404,MY
242,Prisma Perdana,3.0997855392199,101.72842025757,MY
248,Villa Seri Puteri,3.1161550878468,101.73013687134,MY
247,Sri Bahagia Court,3.0596962190733,101.75225973129,MY
249,Vista Perdana (Pandan Perdana),3.1161122359571,101.7386341095,MY
243,Puncak Banyan,3.077996,101.730539,MY
244,Riviera III,3.117146,101.751326,MY
240,Perdana Villa Deluxe (Pandan Perdana),3.1169049956348,101.73906326294,MY
241,Prima Midah Heights,3.103445,101.727719,MY
246,Shamelin Bestari,3.1209973401431,101.73582315445,MY
228,Pangsapuri Dahlia Court,3.1358239206534,101.75208806992,MY
230,Pangsapuri Jasmine,3.0973215145177,101.73350572586,MY
233,Pangsapuri Seri Mesra,3.0608104268329,101.75704479218,MY
238,Pangsapuri Sri Shamelin,3.1207188041111,101.73676729202,MY
237,Pangsapuri Sri Penara,3.0965073137903,101.70943021774,MY
234,Pangsapuri Seri Murni,3.0599747711218,101.75698041916,MY
232,Lestari Apartment (Bdr Tasik Permaisuri),3.0981571409291,101.71382904053,MY
235,Pangsapuri Seri Permai,3.0593962398632,101.75691604614,MY
229,Pangsapuri Indah Mas,3.117224,101.721616,MY
218,Laman Midah,3.1010282625451,101.72906398773,MY
222,Pandan Puteri,3.1371094524279,101.75365447998,MY
219,Mentari Kondominium @ Danau Lumayan,3.0992713084514,101.7140007019,MY
225,Pangsapuri Cemara (Cheras),3.1009639837883,101.70912981033,MY
226,Pangsapuri Cheras 4E,3.1086345545029,101.72056674957,MY
224,Cantik Apartment,3.1134554153869,101.73414945602,MY
217,Ketumbar Hill,3.1034601393098,101.74805402756,MY
220,Midah Ria Condominium,3.1027209350701,101.72844171524,MY
209,Vista Tasik,3.1070490221075,101.71576023102,MY
211,Aliran Damai Apartments,3.0537180461343,101.74544692039,MY
212,Apartmen Arena Shamelin,3.1217365315623,101.73697113991,MY
213,Apartment Bustan Shamelin,3.1197332144821,101.73624157906,MY
216,Kenari Court,3.1362524314205,101.75394415855,MY
206,Seri Mas Condominium,3.1133697113859,101.72221899033,MY
210,Warisan City View,3.127009,101.72371771914,MY
208,Vista Amani Condominium,3.0955002751828,101.71541690826,MY
207,Seri Cendekia,3.0841228151299,101.7319393158,MY
214,Bam Villa,3.1369380482826,101.73215389252,MY
197,D'Tinggian Suasana,3.0544465707833,101.7659175396,MY
195,Cengal Condominium,3.099878,101.709719,MY
196,Cheras Mewah,3.0662850269656,101.75401926041,MY
204,Prisma Cheras,3.0997641129429,101.72964334488,MY
202,Pandan Heights Condominium,3.1133697113859,101.73884868622,MY
199,Le Jardin Condominium,3.1362095803517,101.7512512207,MY
198,Ketumbar Heights,3.1016924761375,101.75016760826,MY
200,Midah Heights Condominium,3.0922220364916,101.72949314117,MY
205,Segar View Condominium,3.092093477905,101.74397706985,MY
201,Monte Bayu,3.107735,101.754359,MY
203,Pertiwi Indah,3.13786,101.733679,MY
192,Bukit Pandan Kondominium 1,3.1149123823362,101.73807621002,MY
188,Awana Puri Condominiums,3.0943044,101.7359132,MY
185,Tasik Heights Apartment,3.0750807543918,101.71981573105,MY
186,Vista Harmoni Apartments,3.0684170065233,101.74804329872,MY
184,Taman Gemilang Apartment (Cheras),3.0927576971013,101.74384832382,MY
183,Bukit Supreme Apartment,3.098585667038,101.74764633179,MY
193,Bukit Pandan 2 Condominium,3.1156408650548,101.73663854599,MY
187,Angkasa Condominiums,3.079634,101.730553,MY
191,Bintang Mas,3.112528,101.717486,MY
189,Bayu Tasik 2,3.1023352630876,101.71007394791,MY
190,Bayu Tasik Condominium,3.103213737954,101.71185493469,MY
194,Casa Ria (Cheras),3.132167,101.735297,MY
172,Cheria Heights Condo / Apartments,3.076262,101.745619,MY
174,Kedidi Apartment,3.1371094524279,101.7544054985,MY
181,Shamelin Perkasa Apartment,3.1202474352734,101.73625230789,MY
176,Sanjung Apartment,3.0520252957775,101.7516374588,MY
177,Segar Apartments,3.095251,101.746257,MY
178,Segar Courts,3.0905186339549,101.74403071404,MY
179,Seri Perindu Apartment,3.0558821914386,101.74028635025,MY
173,Desa Tun Razak Apartment,3.077984,101.718054,MY
175,Manor Apartment,3.1326261535116,101.7342031002,MY
159,Vista Komanwel A,3.0605104479347,101.68430328369,MY
168,Akasia Apartment (Damai Indah Cheras),3.0542,101.746337,MY
161,Vista Komanwel C,3.05983,101.685107,MY
162,Anjung Hijau / Greenfield,3.0544465707833,101.67538762093,MY
169,Blok Desa Awana Apartment,3.0433043751333,101.7417883873,MY
165,Kinrara Mas Condominium,3.0610354109515,101.64934873581,MY
166,Damansara Villa,3.1511,101.67152,MY
160,Vista Komanwel B,3.059734,101.686506,MY
163,Arena Green,3.0527859624071,101.68795108795,MY
164,Green Avenue Condominium,3.0590319792809,101.67455077171,MY
167,Sri Murni,3.148402,101.674376,MY
170,Cendana Apartment,3.0980928619978,101.71303510666,MY
158,Jalil Damai Apartments,3.0561607444777,101.6701734066,MY
148,City Gardens,3.1472008218944,101.70405507088,MY
151,Mutiara Villa (Bukit Bintang),3.1462366825323,101.70732736588,MY
154,Seri Raja Chulan,3.1485077649388,101.70702695847,MY
153,Regency Tower,3.147993558035,101.7054605484,MY
149,Downtown Condominium,3.148693,101.706873,MY
150,Menara Bukit Ceylon,3.1481328224298,101.70651197433,MY
147,38 Bidara,3.1486791671836,101.70996665955,MY
155,Fairlane Residences,3.1449618746733,101.71286344528,MY
156,Apartment Sri Rakyat,3.054896,101.668858,MY
152,Pavilion Residences,3.1496861548024,101.71277761459,MY
137,Menara Pelangi,3.1293533867417,101.6818356514,MY
138,Menara Puteri,3.1277893112875,101.68056964874,MY
145,Angkasa Impian Condominium,3.1456796238277,101.70616865158,MY
146,Angkasa Impian 2,3.1466437637051,101.7069196701,MY
140,Sri Impian Condominium (Brickfields),3.129010575883,101.68127775192,MY
139,Pearl Court,3.1293962380912,101.68250083923,MY
144,Menara Antara,3.149354,101.704515,MY
143,KL Plaza Suites,3.1481945,101.7145085,MY
141,Sri Kota,3.1271572527365,101.68349862099,MY
142,Bolton Court,3.147993558035,101.70563220978,MY
136,633 Residency,3.133498,101.693005,MY
131,Kondominium Palm Court,3.1293962380912,101.6876077652,MY
126,Permai Ria (Jalan Ipoh),3.2063329870791,101.6762137413,MY
129,Palm Court Apartment,3.1292034070048,101.68765068054,MY
133,Suasana Sentral Loft,3.1310674393532,101.68391704559,MY
132,Suasana Sentral Condominiums,3.1314102495389,101.68413162231,MY
134,The Pines,3.1279607169306,101.68533325195,MY
128,Apartment Cuepacs,3.1286088442652,101.68240427971,MY
135,Villa Scott Condominium,3.1334028315215,101.69228553772,MY
130,Crescent Court,3.1283785180682,101.6826403141,MY
112,Sri Wangsaria,3.1347526429675,101.66471242905,MY
116,Zehn Bukit Pantai,3.1211258952099,101.66709423065,MY
111,Sri Penaga (Bangsar),3.1418659062431,101.66576385498,MY
118,Beverly Court,3.1356448031007,101.66473925114,MY
120,Sri Bidari,3.1353954097107,101.66239500046,MY
113,Suasana Bangsar,3.1233756063321,101.67205095291,MY
115,Tivoli Villas,3.1386628012128,101.65977716446,MY
114,The Loft (Bangsar),3.136933,101.664844,MY
121,Sri Bukit Persekutuan,3.1371523034598,101.68387413025,MY
117,Bangsar Puteri,3.142039,101.662972,MY
101,Menara Bangsar,3.1429157512385,101.66417598724,MY
105,Pantai Panorama Condominiums,3.11012,101.66189,MY
106,Pantai Towers,3.1224971482768,101.66870355606,MY
108,Sri Bayu (Bukit Bandaraya),3.13489,101.66161823279,MY
102,Merak Kayangan Court,3.1390056089095,101.66528105736,MY
99,Impian Emas,3.1377682868496,101.66354298592,MY
100,Ken Bangsar,3.1389948961707,101.66397213936,MY
103,Nusa Rhu,3.134270567651,101.66342496872,MY
107,Park Rose,3.138062887473,101.66443347931,MY
104,Palmyra Bangsar,3.1380521747245,101.65988445282,MY
110,Sri Kasturina,3.1391555872415,101.663210392,MY
89,Bangsar Peak,3.1400634,101.6662627,MY
93,Cascadium,3.1409874637009,101.6666328907,MY
92,Casa Vista,3.1384806845782,101.66542053223,MY
94,Contessa,3.1384913973223,101.66519522667,MY
96,Desa Bangsar Ria,3.1397340748915,101.66405797005,MY
86,Araville,3.1383521316405,101.66436910629,MY
91,Bayu Angkasa,3.1384913973223,101.66308701038,MY
87,Bangsar Heights,3.1237077061371,101.67105317116,MY
90,Bangsar Permai,3.1265,101.674391,MY
97,Gaya Bangsar Condominium,3.1269200383122,101.67688716141,MY
88,Bangsar Indah,3.139581,101.673617,MY
80,Sri Bangsar,3.1299372362274,101.67819857597,MY
79,Pangsapuri KTMB Bangsar Utama,3.129246,101.677597,MY
75,Bangsar Aman,3.1372915693014,101.67670190334,MY
83,Vila Mutiara,3.136525,101.661676,MY
84,Wang Wang,3.13691,101.66202,MY
81,The Nomad Residences,3.1337884921124,101.66338205338,MY
82,Tuscany,3.1318387621133,101.66443347931,MY
77,Bangsar Villa,3.1419944587483,101.66499137878,MY
61,Kondominium Villa Aman,3.1594560266242,101.74039363861,MY
62,Villa Ampang Condominium,3.159791,101.734165,MY
73,D-Villa Residence (Holiday Villa),3.1596060020108,101.72668755054,MY
70,Sri Angsana Hilir,3.1488612820379,101.7428612709,MY
63,Vista Damai,3.1629590174943,101.71926856041,MY
74,Menjalara 18 Residences,3.1921287222109,101.63561582565,MY
53,Plaza Palas Condominium,3.161947,101.741219,MY
50,Mutiara Upper East Desa Pandan,3.152235757397,101.73803329468,MY
56,Sinaran Ukay Condominium,3.180064,101.768114,MY
52,One Jelatek,3.173642,101.734598,MY
54,Raintree Residence,3.1560708621352,101.73681020737,MY
55,Seri Hening Residence,3.1584704735446,101.73698186874,MY
57,Sri Mahkota,3.1596488521173,101.73477172852,MY
48,Mei on The Madge (Vista Permai),3.1578491461222,101.72651588917,MY
59,Tiara Duta,3.150399,101.75274,MY
40,Desa Palma (Ampang Hilir),3.1567671785169,101.72921419144,MY
42,GCB Court,3.1608058043234,101.74880504608,MY
46,Lot 16 Ampang Hilir,3.158235,101.739566,MY
47,Madge Residences,3.1573885065864,101.72853827477,MY
45,Lee Garden,3.1575706199157,101.72990083694,MY
44,Lanson Place (8 Ampang Hilir),3.1601523407359,101.72949314117,MY
41,Fernlea Court,3.1552995572909,101.7298579216,MY
39,D'Alamanda,3.120629,101.73072,MY
36,Cinta,3.155406682998,101.72706842422,MY
27,Villa Putra Putri,3.1566707655072,101.73048019409,MY
31,3 Residen @ Melawati,3.2212226155349,101.7354798317,MY
34,Kondominium Ampangpuri,3.1620484552561,101.7378616333,MY
28,Villa U Thant,3.1476721785912,101.73475027084,MY
29,2 Hampshire,3.1619466864857,101.71626448631,MY
30,202 DC (Desa Cahaya),3.1603475,101.7245641,MY
32,Albakri Court,3.1558137605841,101.7298579216,MY
35,Catalina Villa,3.1600987781285,101.74520015717,MY
23,Spring Villa Apartment,3.1575277697235,101.72788381577,MY
22,Shahzan Court,3.1612771548524,101.73768997192,MY
21,Seri Ritchie,3.1587907,101.7389979,MY
14,78 LAD,3.1587918496516,101.7259901762,MY
13,Fresh Breeze Apartment,3.168777,101.759624,MY
20,Regal Villa,3.156735040848,101.7319393158,MY
6,Clover Close,3.1580205468276,101.73109173775,MY
7,Damai Suria,3.1548496292007,101.72992229462,MY
11,Eden Villa,3.1577313081209,101.73495411873,MY
5,Ampang Impiana,3.161143,101.7495405,MY
8,Desa U-Thant,3.1580419719138,101.7240858078,MY
4,Ampang Hilir Tara,3.157795583396,101.73713207245,MY
2,Ampang 212,3.1619306177315,101.7272400856,MY
1,16 Taman U-Thant,3.1577366,101.7242279,MY
